unit,lower19,higher0,bonus,scenario,lowerDps,higherDps,ratio
WOLF,COMMON,RARE,0,normal,4.50527295470e-07,6.70552253723e-07,1.488372093
WOLF,COMMON,RARE,0,boss,4.50527295470e-07,6.70552253723e-07,1.488372093
WOLF,COMMON,RARE,0,crowd,3.50097252522e-06,5.21074980497e-06,1.488372093
WOLF,COMMON,RARE,30,normal,5.69969415665e-07,6.70552253723e-07,1.176470588
WOLF,COMMON,RARE,30,boss,5.69969415665e-07,6.70552253723e-07,1.176470588
WOLF,COMMON,RARE,30,crowd,4.42913733423e-06,5.21074980497e-06,1.176470588
WOLF,RARE,ANCIENT,0,normal,1.44168734550e-05,2.14576721191e-05,1.488372093
WOLF,RARE,ANCIENT,0,boss,1.44168734550e-05,2.14576721191e-05,1.488372093
WOLF,RARE,ANCIENT,0,crowd,0.000112031120807,0.000166743993759,1.488372093
WOLF,RARE,ANCIENT,30,normal,1.82390213013e-05,2.14576721191e-05,1.176470588
WOLF,RARE,ANCIENT,30,boss,1.82390213013e-05,2.14576721191e-05,1.176470588
WOLF,RARE,ANCIENT,30,crowd,0.000141732394695,0.000166743993759,1.176470588
WOLF,ANCIENT,RELIC,0,normal,0.000461339950562,0.000915527343750,1.984496124
WOLF,ANCIENT,RELIC,0,boss,0.000461339950562,0.000915527343750,1.984496124
WOLF,ANCIENT,RELIC,0,crowd,0.00358499586582,0.00600814819336,1.675914957
WOLF,ANCIENT,RELIC,30,normal,0.000583648681641,0.000915527343750,1.568627451
WOLF,ANCIENT,RELIC,30,boss,0.000583648681641,0.000915527343750,1.568627451
WOLF,ANCIENT,RELIC,30,crowd,0.00453543663025,0.00600814819336,1.324712191
WOLF,RELIC,NARRATIVE,0,normal,0.0196838378906,0.0329589843750,1.674418605
WOLF,RELIC,NARRATIVE,0,boss,0.0196838378906,0.0329589843750,1.674418605
WOLF,RELIC,NARRATIVE,0,crowd,0.129175186157,0.205078125000,1.587596899
WOLF,RELIC,NARRATIVE,30,normal,0.0249023437500,0.0329589843750,1.323529412
WOLF,RELIC,NARRATIVE,30,boss,0.0249023437500,0.0329589843750,1.323529412
WOLF,RELIC,NARRATIVE,30,crowd,0.163421630859,0.205078125000,1.254901961
WOLF,NARRATIVE,LEGENDARY,0,normal,0.708618164062,1.59843750000,2.255710594
WOLF,NARRATIVE,LEGENDARY,0,boss,0.708618164062,1.59843750000,2.255710594
WOLF,NARRATIVE,LEGENDARY,0,crowd,4.40917968750,7.89492187500,1.790564784
WOLF,NARRATIVE,LEGENDARY,30,normal,0.896484375000,1.59843750000,1.783006536
WOLF,NARRATIVE,LEGENDARY,30,boss,0.896484375000,1.59843750000,1.783006536
WOLF,NARRATIVE,LEGENDARY,30,crowd,5.57812500000,7.89492187500,1.415336134
WOLF,LEGENDARY,EPIC,0,normal,34.3664062500,66.6000000000,1.937939030
WOLF,LEGENDARY,EPIC,0,boss,34.3664062500,66.6000000000,1.937939030
WOLF,LEGENDARY,EPIC,0,crowd,169.740820313,287.700000000,1.694937019
WOLF,LEGENDARY,EPIC,30,normal,43.4775000000,66.6000000000,1.531826807
WOLF,LEGENDARY,EPIC,30,boss,43.4775000000,66.6000000000,1.531826807
WOLF,LEGENDARY,EPIC,30,crowd,214.741875000,287.700000000,1.339748011
WOLF,EPIC,MYTHIC,0,normal,1431.90000000,3096.00000000,2.162162162
WOLF,EPIC,MYTHIC,0,boss,1431.90000000,3096.00000000,2.162162162
WOLF,EPIC,MYTHIC,0,crowd,6185.55000000,11721.6000000,1.894997211
WOLF,EPIC,MYTHIC,30,normal,1811.52000000,3096.00000000,1.709062003
WOLF,EPIC,MYTHIC,30,boss,1811.52000000,3096.00000000,1.709062003
WOLF,EPIC,MYTHIC,30,crowd,7825.44000000,11721.6000000,1.497883825
WOLF,MYTHIC,PRIMORDIAL,0,normal,66564.0000000,150528.000000,2.261402560
WOLF,MYTHIC,PRIMORDIAL,0,boss,66564.0000000,150528.000000,2.261402560
WOLF,MYTHIC,PRIMORDIAL,0,crowd,252014.400000,514713.600000,2.042397577
WOLF,MYTHIC,PRIMORDIAL,30,normal,84211.2000000,150528.000000,1.787505700
WOLF,MYTHIC,PRIMORDIAL,30,boss,84211.2000000,150528.000000,1.787505700
WOLF,MYTHIC,PRIMORDIAL,30,crowd,318827.520000,514713.600000,1.614395144
WOLF,PRIMORDIAL,TRUE_PRIMORDIAL,0,normal,3236352.00000,15052800.0000,4.651162791
WOLF,PRIMORDIAL,TRUE_PRIMORDIAL,0,boss,3236352.00000,15052800.0000,4.651162791
WOLF,PRIMORDIAL,TRUE_PRIMORDIAL,0,crowd,11066342.4000,51471360.0000,4.651162791
WOLF,PRIMORDIAL,TRUE_PRIMORDIAL,30,normal,4094361.60000,15052800.0000,3.676470588
WOLF,PRIMORDIAL,TRUE_PRIMORDIAL,30,boss,4094361.60000,15052800.0000,3.676470588
WOLF,PRIMORDIAL,TRUE_PRIMORDIAL,30,crowd,14000209.9200,51471360.0000,3.676470588
WOLF,TRUE_PRIMORDIAL,MIRACLE,0,normal,323635200.000,1689600000.00,5.220692928
WOLF,TRUE_PRIMORDIAL,MIRACLE,0,boss,323635200.000,1689600000.00,5.220692928
WOLF,TRUE_PRIMORDIAL,MIRACLE,0,crowd,1106634240.00,5425920000.00,4.903083425
WOLF,TRUE_PRIMORDIAL,MIRACLE,30,normal,409436160.000,1689600000.00,4.126650660
WOLF,TRUE_PRIMORDIAL,MIRACLE,30,boss,409436160.000,1689600000.00,4.126650660
WOLF,TRUE_PRIMORDIAL,MIRACLE,30,crowd,1400020992.00,5425920000.00,3.875599031
POLAR_BEAR,COMMON,RARE,0,normal,6.25732354820e-07,9.31322574615e-07,1.488372093
POLAR_BEAR,COMMON,RARE,0,boss,6.25732354820e-07,9.31322574615e-07,1.488372093
POLAR_BEAR,COMMON,RARE,0,crowd,4.10636857850e-06,6.11180439591e-06,1.488372093
POLAR_BEAR,COMMON,RARE,30,normal,7.91624188423e-07,9.31322574615e-07,1.176470588
POLAR_BEAR,COMMON,RARE,30,boss,7.91624188423e-07,9.31322574615e-07,1.176470588
POLAR_BEAR,COMMON,RARE,30,crowd,5.19503373653e-06,6.11180439591e-06,1.176470588
POLAR_BEAR,RARE,ANCIENT,0,normal,2.00234353542e-05,2.98023223877e-05,1.488372093
POLAR_BEAR,RARE,ANCIENT,0,boss,2.00234353542e-05,2.98023223877e-05,1.488372093
POLAR_BEAR,RARE,ANCIENT,0,crowd,0.000131403794512,0.000195577740669,1.488372093
POLAR_BEAR,RARE,ANCIENT,30,normal,2.53319740295e-05,2.98023223877e-05,1.176470588
POLAR_BEAR,RARE,ANCIENT,30,boss,2.53319740295e-05,2.98023223877e-05,1.176470588
POLAR_BEAR,RARE,ANCIENT,30,crowd,0.000166241079569,0.000195577740669,1.176470588
POLAR_BEAR,ANCIENT,RELIC,0,normal,0.000640749931335,0.00119209289551,1.860465116
POLAR_BEAR,ANCIENT,RELIC,0,boss,0.000640749931335,0.00119209289551,1.860465116
POLAR_BEAR,ANCIENT,RELIC,0,crowd,0.00420492142439,0.00715255737305,1.700996678
POLAR_BEAR,ANCIENT,RELIC,30,normal,0.000810623168945,0.00119209289551,1.470588235
POLAR_BEAR,ANCIENT,RELIC,30,boss,0.000810623168945,0.00119209289551,1.470588235
POLAR_BEAR,ANCIENT,RELIC,30,crowd,0.00531971454620,0.00715255737305,1.344537815
POLAR_BEAR,RELIC,NARRATIVE,0,normal,0.0256299972534,0.0457763671875,1.786046512
POLAR_BEAR,RELIC,NARRATIVE,0,boss,0.0256299972534,0.0457763671875,1.786046512
POLAR_BEAR,RELIC,NARRATIVE,0,crowd,0.153779983521,0.246047973633,1.600000000
POLAR_BEAR,RELIC,NARRATIVE,30,normal,0.0324249267578,0.0457763671875,1.411764706
POLAR_BEAR,RELIC,NARRATIVE,30,boss,0.0324249267578,0.0457763671875,1.411764706
POLAR_BEAR,RELIC,NARRATIVE,30,crowd,0.194549560547,0.246047973633,1.264705882
POLAR_BEAR,NARRATIVE,LEGENDARY,0,normal,0.984191894531,2.11914062500,2.153178295
POLAR_BEAR,NARRATIVE,LEGENDARY,0,boss,0.984191894531,2.11914062500,2.153178295
POLAR_BEAR,NARRATIVE,LEGENDARY,0,crowd,5.29003143311,9.11621093750,1.723281053
POLAR_BEAR,NARRATIVE,LEGENDARY,30,normal,1.24511718750,2.11914062500,1.701960784
POLAR_BEAR,NARRATIVE,LEGENDARY,30,boss,1.24511718750,2.11914062500,1.701960784
POLAR_BEAR,NARRATIVE,LEGENDARY,30,crowd,6.69250488281,9.11621093750,1.362152303
POLAR_BEAR,LEGENDARY,EPIC,0,normal,45.5615234375,92.5000000000,2.030221841
POLAR_BEAR,LEGENDARY,EPIC,0,boss,45.5615234375,92.5000000000,2.030221841
POLAR_BEAR,LEGENDARY,EPIC,0,crowd,195.998535156,345.000000000,1.760217237
POLAR_BEAR,LEGENDARY,EPIC,30,normal,57.6406250000,92.5000000000,1.604770941
POLAR_BEAR,LEGENDARY,EPIC,30,boss,57.6406250000,92.5000000000,1.604770941
POLAR_BEAR,LEGENDARY,EPIC,30,crowd,247.960937500,345.000000000,1.391348184
POLAR_BEAR,EPIC,MYTHIC,0,normal,1988.75000000,3870.00000000,1.945945946
POLAR_BEAR,EPIC,MYTHIC,0,boss,1988.75000000,3870.00000000,1.945945946
POLAR_BEAR,EPIC,MYTHIC,0,crowd,7417.50000000,13547.5000000,1.826423997
POLAR_BEAR,EPIC,MYTHIC,30,normal,2516.00000000,3870.00000000,1.538155803
POLAR_BEAR,EPIC,MYTHIC,30,boss,2516.00000000,3870.00000000,1.538155803
POLAR_BEAR,EPIC,MYTHIC,30,crowd,9384.00000000,13547.5000000,1.443680733
POLAR_BEAR,MYTHIC,PRIMORDIAL,0,normal,83205.0000000,188160.000000,2.261402560
POLAR_BEAR,MYTHIC,PRIMORDIAL,0,boss,83205.0000000,188160.000000,2.261402560
POLAR_BEAR,MYTHIC,PRIMORDIAL,0,crowd,291271.250000,564480.000000,1.937987357
POLAR_BEAR,MYTHIC,PRIMORDIAL,30,normal,105264.000000,188160.000000,1.787505700
POLAR_BEAR,MYTHIC,PRIMORDIAL,30,boss,105264.000000,188160.000000,1.787505700
POLAR_BEAR,MYTHIC,PRIMORDIAL,30,crowd,368492.000000,564480.000000,1.531865007
POLAR_BEAR,PRIMORDIAL,TRUE_PRIMORDIAL,0,normal,4045440.00000,18816000.0000,4.651162791
POLAR_BEAR,PRIMORDIAL,TRUE_PRIMORDIAL,0,boss,4045440.00000,18816000.0000,4.651162791
POLAR_BEAR,PRIMORDIAL,TRUE_PRIMORDIAL,0,crowd,12136320.0000,56448000.0000,4.651162791
POLAR_BEAR,PRIMORDIAL,TRUE_PRIMORDIAL,30,normal,5117952.00000,18816000.0000,3.676470588
POLAR_BEAR,PRIMORDIAL,TRUE_PRIMORDIAL,30,boss,5117952.00000,18816000.0000,3.676470588
POLAR_BEAR,PRIMORDIAL,TRUE_PRIMORDIAL,30,crowd,15353856.0000,56448000.0000,3.676470588
POLAR_BEAR,TRUE_PRIMORDIAL,MIRACLE,0,normal,404544000.000,2112000000.00,5.220692928
POLAR_BEAR,TRUE_PRIMORDIAL,MIRACLE,0,boss,404544000.000,2112000000.00,5.220692928
POLAR_BEAR,TRUE_PRIMORDIAL,MIRACLE,0,crowd,1213632000.00,5856000000.00,4.825185888
POLAR_BEAR,TRUE_PRIMORDIAL,MIRACLE,30,normal,511795200.000,2112000000.00,4.126650660
POLAR_BEAR,TRUE_PRIMORDIAL,MIRACLE,30,boss,511795200.000,2112000000.00,4.126650660
POLAR_BEAR,TRUE_PRIMORDIAL,MIRACLE,30,crowd,1535385600.00,5856000000.00,3.814025610
PANDA,COMMON,RARE,0,normal,7.50878825784e-07,1.11758708954e-06,1.488372093
PANDA,COMMON,RARE,0,boss,7.50878825784e-07,1.11758708954e-06,1.488372093
PANDA,COMMON,RARE,0,crowd,3.94211383536e-06,5.86733222008e-06,1.488372093
PANDA,COMMON,RARE,30,normal,9.49949026108e-07,1.11758708954e-06,1.176470588
PANDA,COMMON,RARE,30,boss,9.49949026108e-07,1.11758708954e-06,1.176470588
PANDA,COMMON,RARE,30,crowd,4.98723238707e-06,5.86733222008e-06,1.176470588
PANDA,RARE,ANCIENT,0,normal,2.40281224251e-05,3.57627868652e-05,1.488372093
PANDA,RARE,ANCIENT,0,boss,2.40281224251e-05,3.57627868652e-05,1.488372093
PANDA,RARE,ANCIENT,0,crowd,0.000126147642732,0.000187754631042,1.488372093
PANDA,RARE,ANCIENT,30,normal,3.03983688354e-05,3.57627868652e-05,1.176470588
PANDA,RARE,ANCIENT,30,boss,3.03983688354e-05,3.57627868652e-05,1.176470588
PANDA,RARE,ANCIENT,30,crowd,0.000159591436386,0.000187754631042,1.176470588
PANDA,ANCIENT,RELIC,0,normal,0.000768899917603,0.00114440917969,1.488372093
PANDA,ANCIENT,RELIC,0,boss,0.000768899917603,0.00114440917969,1.488372093
PANDA,ANCIENT,RELIC,0,crowd,0.00403672456741,0.00686645507813,1.700996678
PANDA,ANCIENT,RELIC,30,normal,0.000972747802734,0.00114440917969,1.176470588
PANDA,ANCIENT,RELIC,30,boss,0.000972747802734,0.00114440917969,1.176470588
PANDA,ANCIENT,RELIC,30,crowd,0.00510692596436,0.00686645507813,1.344537815
PANDA,RELIC,NARRATIVE,0,normal,0.0246047973633,0.0457763671875,1.860465116
PANDA,RELIC,NARRATIVE,0,boss,0.0246047973633,0.0457763671875,1.860465116
PANDA,RELIC,NARRATIVE,0,crowd,0.147628784180,0.240325927734,1.627906977
PANDA,RELIC,NARRATIVE,30,normal,0.0311279296875,0.0457763671875,1.470588235
PANDA,RELIC,NARRATIVE,30,boss,0.0311279296875,0.0457763671875,1.470588235
PANDA,RELIC,NARRATIVE,30,crowd,0.186767578125,0.240325927734,1.286764706
PANDA,NARRATIVE,LEGENDARY,0,normal,0.984191894531,2.17968750000,2.214697674
PANDA,NARRATIVE,LEGENDARY,0,boss,0.984191894531,2.17968750000,2.214697674
PANDA,NARRATIVE,LEGENDARY,0,crowd,5.16700744629,8.69824218750,1.683419712
PANDA,NARRATIVE,LEGENDARY,30,normal,1.24511718750,2.17968750000,1.750588235
PANDA,NARRATIVE,LEGENDARY,30,boss,1.24511718750,2.17968750000,1.750588235
PANDA,NARRATIVE,LEGENDARY,30,crowd,6.53686523438,8.69824218750,1.330644258
PANDA,LEGENDARY,EPIC,0,normal,46.8632812500,97.1250000000,2.072518130
PANDA,LEGENDARY,EPIC,0,boss,46.8632812500,97.1250000000,2.072518130
PANDA,LEGENDARY,EPIC,0,crowd,187.012207031,331.828125000,1.774366124
PANDA,LEGENDARY,EPIC,30,normal,59.2875000000,97.1250000000,1.638203669
PANDA,LEGENDARY,EPIC,30,boss,59.2875000000,97.1250000000,1.638203669
PANDA,LEGENDARY,EPIC,30,crowd,236.592187500,331.828125000,1.402532047
PANDA,EPIC,MYTHIC,0,normal,2088.18750000,4128.00000000,1.976833977
PANDA,EPIC,MYTHIC,0,boss,2088.18750000,4128.00000000,1.976833977
PANDA,EPIC,MYTHIC,0,crowd,7134.30468750,12463.5000000,1.746981738
PANDA,EPIC,MYTHIC,30,normal,2641.80000000,4128.00000000,1.562570974
PANDA,EPIC,MYTHIC,30,boss,2641.80000000,4128.00000000,1.562570974
PANDA,EPIC,MYTHIC,30,crowd,9025.72500000,12463.5000000,1.380886300
PANDA,MYTHIC,PRIMORDIAL,0,normal,88752.0000000,188160.000000,2.120064900
PANDA,MYTHIC,PRIMORDIAL,0,boss,88752.0000000,188160.000000,2.120064900
PANDA,MYTHIC,PRIMORDIAL,0,crowd,267965.250000,510096.000000,1.903590111
PANDA,MYTHIC,PRIMORDIAL,30,normal,112281.600000,188160.000000,1.675786594
PANDA,MYTHIC,PRIMORDIAL,30,boss,112281.600000,188160.000000,1.675786594
PANDA,MYTHIC,PRIMORDIAL,30,crowd,339007.200000,510096.000000,1.504676007
PANDA,PRIMORDIAL,TRUE_PRIMORDIAL,0,normal,4045440.00000,18816000.0000,4.651162791
PANDA,PRIMORDIAL,TRUE_PRIMORDIAL,0,boss,4045440.00000,18816000.0000,4.651162791
PANDA,PRIMORDIAL,TRUE_PRIMORDIAL,0,crowd,10967064.0000,51009600.0000,4.651162791
PANDA,PRIMORDIAL,TRUE_PRIMORDIAL,30,normal,5117952.00000,18816000.0000,3.676470588
PANDA,PRIMORDIAL,TRUE_PRIMORDIAL,30,boss,5117952.00000,18816000.0000,3.676470588
PANDA,PRIMORDIAL,TRUE_PRIMORDIAL,30,crowd,13874611.2000,51009600.0000,3.676470588
PANDA,TRUE_PRIMORDIAL,MIRACLE,0,normal,404544000.000,2112000000.00,5.220692928
PANDA,TRUE_PRIMORDIAL,MIRACLE,0,boss,404544000.000,2112000000.00,5.220692928
PANDA,TRUE_PRIMORDIAL,MIRACLE,0,crowd,1096706400.00,5257200000.00,4.793625714
PANDA,TRUE_PRIMORDIAL,MIRACLE,30,normal,511795200.000,2112000000.00,4.126650660
PANDA,TRUE_PRIMORDIAL,MIRACLE,30,boss,511795200.000,2112000000.00,4.126650660
PANDA,TRUE_PRIMORDIAL,MIRACLE,30,crowd,1387461120.00,5257200000.00,3.789079149
RABBIT,COMMON,RARE,0,normal,4.38012648374e-07,6.51925802231e-07,1.488372093
RABBIT,COMMON,RARE,0,boss,4.38012648374e-07,6.51925802231e-07,1.488372093
RABBIT,COMMON,RARE,0,crowd,3.67930624634e-06,5.47617673874e-06,1.488372093
RABBIT,COMMON,RARE,30,normal,5.54136931896e-07,6.51925802231e-07,1.176470588
RABBIT,COMMON,RARE,30,boss,5.54136931896e-07,6.51925802231e-07,1.176470588
RABBIT,COMMON,RARE,30,crowd,4.65475022793e-06,5.47617673874e-06,1.176470588
RABBIT,RARE,ANCIENT,0,normal,1.40164047480e-05,2.08616256714e-05,1.488372093
RABBIT,RARE,ANCIENT,0,boss,1.40164047480e-05,2.08616256714e-05,1.488372093
RABBIT,RARE,ANCIENT,0,crowd,0.000117737799883,0.000175237655640,1.488372093
RABBIT,RARE,ANCIENT,30,normal,1.77323818207e-05,2.08616256714e-05,1.176470588
RABBIT,RARE,ANCIENT,30,boss,1.77323818207e-05,2.08616256714e-05,1.176470588
RABBIT,RARE,ANCIENT,30,crowd,0.000148952007294,0.000175237655640,1.176470588
RABBIT,ANCIENT,RELIC,0,normal,0.000448524951935,0.000934600830078,2.083720930
RABBIT,ANCIENT,RELIC,0,boss,0.000448524951935,0.000934600830078,2.083720930
RABBIT,ANCIENT,RELIC,0,crowd,0.00376760959625,0.00622510910034,1.652270210
RABBIT,ANCIENT,RELIC,30,normal,0.000567436218262,0.000934600830078,1.647058824
RABBIT,ANCIENT,RELIC,30,boss,0.000567436218262,0.000934600830078,1.647058824
RABBIT,ANCIENT,RELIC,30,crowd,0.00476646423340,0.00622510910034,1.306022409
RABBIT,RELIC,NARRATIVE,0,normal,0.0200939178467,0.0341796875000,1.700996678
RABBIT,RELIC,NARRATIVE,0,boss,0.0200939178467,0.0341796875000,1.700996678
RABBIT,RELIC,NARRATIVE,0,crowd,0.133839845657,0.224304199219,1.675914957
RABBIT,RELIC,NARRATIVE,30,normal,0.0254211425781,0.0341796875000,1.344537815
RABBIT,RELIC,NARRATIVE,30,boss,0.0254211425781,0.0341796875000,1.344537815
RABBIT,RELIC,NARRATIVE,30,crowd,0.169322967529,0.224304199219,1.324712191
RABBIT,NARRATIVE,LEGENDARY,0,normal,0.734863281250,1.44101562500,1.960930233
RABBIT,NARRATIVE,LEGENDARY,0,boss,0.734863281250,1.44101562500,1.960930233
RABBIT,NARRATIVE,LEGENDARY,0,crowd,4.82254028320,7.63710937500,1.583627907
RABBIT,NARRATIVE,LEGENDARY,30,normal,0.929687500000,1.44101562500,1.550000000
RABBIT,NARRATIVE,LEGENDARY,30,boss,0.929687500000,1.44101562500,1.550000000
RABBIT,NARRATIVE,LEGENDARY,30,crowd,6.10107421875,7.63710937500,1.251764706
RABBIT,LEGENDARY,EPIC,0,normal,30.9818359375,61.5125000000,1.985437536
RABBIT,LEGENDARY,EPIC,0,boss,30.9818359375,61.5125000000,1.985437536
RABBIT,LEGENDARY,EPIC,0,crowd,164.197851563,300.825000000,1.832088527
RABBIT,LEGENDARY,EPIC,30,normal,39.1956250000,61.5125000000,1.569371582
RABBIT,LEGENDARY,EPIC,30,boss,39.1956250000,61.5125000000,1.569371582
RABBIT,LEGENDARY,EPIC,30,crowd,207.729375000,300.825000000,1.448158211
RABBIT,EPIC,MYTHIC,0,normal,1322.51875000,2889.60000000,2.184921764
RABBIT,EPIC,MYTHIC,0,boss,1322.51875000,2889.60000000,2.184921764
RABBIT,EPIC,MYTHIC,0,crowd,6467.73750000,12244.4000000,1.893150425
RABBIT,EPIC,MYTHIC,30,normal,1673.14000000,2889.60000000,1.727052130
RABBIT,EPIC,MYTHIC,30,boss,1673.14000000,2889.60000000,1.727052130
RABBIT,EPIC,MYTHIC,30,crowd,8182.44000000,12244.4000000,1.496424050
RABBIT,MYTHIC,PRIMORDIAL,0,normal,62126.4000000,131712.000000,2.120064900
RABBIT,MYTHIC,PRIMORDIAL,0,boss,62126.4000000,131712.000000,2.120064900
RABBIT,MYTHIC,PRIMORDIAL,0,crowd,263254.600000,528998.400000,2.009455485
RABBIT,MYTHIC,PRIMORDIAL,30,normal,78597.1200000,131712.000000,1.675786594
RABBIT,MYTHIC,PRIMORDIAL,30,boss,78597.1200000,131712.000000,1.675786594
RABBIT,MYTHIC,PRIMORDIAL,30,crowd,333047.680000,528998.400000,1.588356358
RABBIT,PRIMORDIAL,TRUE_PRIMORDIAL,0,normal,2831808.00000,13171200.0000,4.651162791
RABBIT,PRIMORDIAL,TRUE_PRIMORDIAL,0,boss,2831808.00000,13171200.0000,4.651162791
RABBIT,PRIMORDIAL,TRUE_PRIMORDIAL,0,crowd,11373465.6000,52899840.0000,4.651162791
RABBIT,PRIMORDIAL,TRUE_PRIMORDIAL,30,normal,3582566.40000,13171200.0000,3.676470588
RABBIT,PRIMORDIAL,TRUE_PRIMORDIAL,30,boss,3582566.40000,13171200.0000,3.676470588
RABBIT,PRIMORDIAL,TRUE_PRIMORDIAL,30,crowd,14388756.4800,52899840.0000,3.676470588
RABBIT,TRUE_PRIMORDIAL,MIRACLE,0,normal,283180800.000,1478400000.00,5.220692928
RABBIT,TRUE_PRIMORDIAL,MIRACLE,0,boss,283180800.000,1478400000.00,5.220692928
RABBIT,TRUE_PRIMORDIAL,MIRACLE,0,crowd,1137346560.00,5671680000.00,4.986764984
RABBIT,TRUE_PRIMORDIAL,MIRACLE,30,normal,358256640.000,1478400000.00,4.126650660
RABBIT,TRUE_PRIMORDIAL,MIRACLE,30,boss,358256640.000,1478400000.00,4.126650660
RABBIT,TRUE_PRIMORDIAL,MIRACLE,30,crowd,1438875648.00,5671680000.00,3.941744381
IRON_GOLEM,COMMON,RARE,0,normal,1.78780672806e-07,2.66092164176e-07,1.488372093
IRON_GOLEM,COMMON,RARE,0,boss,1.78780672806e-07,2.66092164176e-07,1.488372093
IRON_GOLEM,COMMON,RARE,0,crowd,2.64595395752e-06,3.93816402980e-06,1.488372093
IRON_GOLEM,COMMON,RARE,30,normal,2.26178339549e-07,2.66092164176e-07,1.176470588
IRON_GOLEM,COMMON,RARE,30,boss,2.26178339549e-07,2.66092164176e-07,1.176470588
IRON_GOLEM,COMMON,RARE,30,crowd,3.34743942533e-06,3.93816402980e-06,1.176470588
IRON_GOLEM,RARE,ANCIENT,0,normal,5.72098152978e-06,8.51494925363e-06,1.488372093
IRON_GOLEM,RARE,ANCIENT,0,boss,5.72098152978e-06,8.51494925363e-06,1.488372093
IRON_GOLEM,RARE,ANCIENT,0,crowd,8.46705266408e-05,0.000126021248954,1.488372093
IRON_GOLEM,RARE,ANCIENT,30,normal,7.23770686558e-06,8.51494925363e-06,1.176470588
IRON_GOLEM,RARE,ANCIENT,30,boss,7.23770686558e-06,8.51494925363e-06,1.176470588
IRON_GOLEM,RARE,ANCIENT,30,crowd,0.000107118061611,0.000126021248954,1.176470588
IRON_GOLEM,ANCIENT,RELIC,0,normal,0.000183071408953,0.000326974051339,1.786046512
IRON_GOLEM,ANCIENT,RELIC,0,boss,0.000183071408953,0.000326974051339,1.786046512
IRON_GOLEM,ANCIENT,RELIC,0,crowd,0.00270945685250,0.00535420009068,1.976115651
IRON_GOLEM,ANCIENT,RELIC,30,normal,0.000231606619699,0.000326974051339,1.411764706
IRON_GOLEM,ANCIENT,RELIC,30,boss,0.000231606619699,0.000326974051339,1.411764706
IRON_GOLEM,ANCIENT,RELIC,30,crowd,0.00342777797154,0.00535420009068,1.562003180
IRON_GOLEM,RELIC,NARRATIVE,0,normal,0.00702994210379,0.0122070312500,1.736434109
IRON_GOLEM,RELIC,NARRATIVE,0,boss,0.00702994210379,0.0122070312500,1.736434109
IRON_GOLEM,RELIC,NARRATIVE,0,crowd,0.115115301950,0.193568638393,1.681519617
IRON_GOLEM,RELIC,NARRATIVE,30,normal,0.00889369419643,0.0122070312500,1.372549020
IRON_GOLEM,RELIC,NARRATIVE,30,boss,0.00889369419643,0.0122070312500,1.372549020
IRON_GOLEM,RELIC,NARRATIVE,30,crowd,0.145634242467,0.193568638393,1.329142344
IRON_GOLEM,NARRATIVE,LEGENDARY,0,normal,0.262451171875,0.481305803571,1.833887043
IRON_GOLEM,NARRATIVE,LEGENDARY,0,boss,0.262451171875,0.481305803571,1.833887043
IRON_GOLEM,NARRATIVE,LEGENDARY,0,crowd,4.16172572545,9.35407366071,2.247642992
IRON_GOLEM,NARRATIVE,LEGENDARY,30,normal,0.332031250000,0.481305803571,1.449579832
IRON_GOLEM,NARRATIVE,LEGENDARY,30,boss,0.332031250000,0.481305803571,1.449579832
IRON_GOLEM,NARRATIVE,LEGENDARY,30,crowd,5.26506696429,9.35407366071,1.776629571
IRON_GOLEM,LEGENDARY,EPIC,0,normal,10.3480747768,19.8660714286,1.919784294
IRON_GOLEM,LEGENDARY,EPIC,0,boss,10.3480747768,19.8660714286,1.919784294
IRON_GOLEM,LEGENDARY,EPIC,0,crowd,201.112583705,415.848214286,2.067738411
IRON_GOLEM,LEGENDARY,EPIC,30,normal,13.0915178571,19.8660714286,1.517476556
IRON_GOLEM,LEGENDARY,EPIC,30,boss,13.0915178571,19.8660714286,1.517476556
IRON_GOLEM,LEGENDARY,EPIC,30,crowd,254.430803571,415.848214286,1.634425582
IRON_GOLEM,EPIC,MYTHIC,0,normal,427.120535714,878.571428571,2.056963679
IRON_GOLEM,EPIC,MYTHIC,0,boss,427.120535714,878.571428571,2.056963679
IRON_GOLEM,EPIC,MYTHIC,0,crowd,8940.73660714,21628.5714286,2.419103971
IRON_GOLEM,EPIC,MYTHIC,30,normal,540.357142857,878.571428571,1.625908790
IRON_GOLEM,EPIC,MYTHIC,30,boss,540.357142857,878.571428571,1.625908790
IRON_GOLEM,EPIC,MYTHIC,30,crowd,11311.0714286,21628.5714286,1.912159389
IRON_GOLEM,MYTHIC,PRIMORDIAL,0,normal,18889.2857143,33600.0000000,1.778786160
IRON_GOLEM,MYTHIC,PRIMORDIAL,0,boss,18889.2857143,33600.0000000,1.778786160
IRON_GOLEM,MYTHIC,PRIMORDIAL,0,crowd,465014.285714,1015085.71429,2.182912967
IRON_GOLEM,MYTHIC,PRIMORDIAL,30,normal,23897.1428571,33600.0000000,1.406025825
IRON_GOLEM,MYTHIC,PRIMORDIAL,30,boss,23897.1428571,33600.0000000,1.406025825
IRON_GOLEM,MYTHIC,PRIMORDIAL,30,crowd,588297.142857,1015085.71429,1.725464294
IRON_GOLEM,PRIMORDIAL,TRUE_PRIMORDIAL,0,normal,722400.000000,3360000.00000,4.651162791
IRON_GOLEM,PRIMORDIAL,TRUE_PRIMORDIAL,0,boss,722400.000000,3360000.00000,4.651162791
IRON_GOLEM,PRIMORDIAL,TRUE_PRIMORDIAL,0,crowd,21824342.8571,101508571.429,4.651162791
IRON_GOLEM,PRIMORDIAL,TRUE_PRIMORDIAL,30,normal,913920.000000,3360000.00000,3.676470588
IRON_GOLEM,PRIMORDIAL,TRUE_PRIMORDIAL,30,boss,913920.000000,3360000.00000,3.676470588
IRON_GOLEM,PRIMORDIAL,TRUE_PRIMORDIAL,30,crowd,27610331.4286,101508571.429,3.676470588
IRON_GOLEM,TRUE_PRIMORDIAL,MIRACLE,0,normal,72240000.0000,400000000.000,5.537098560
IRON_GOLEM,TRUE_PRIMORDIAL,MIRACLE,0,boss,72240000.0000,400000000.000,5.537098560
IRON_GOLEM,TRUE_PRIMORDIAL,MIRACLE,0,crowd,2182434285.71,13430857142.9,6.154071731
IRON_GOLEM,TRUE_PRIMORDIAL,MIRACLE,30,normal,91392000.0000,400000000.000,4.376750700
IRON_GOLEM,TRUE_PRIMORDIAL,MIRACLE,30,boss,91392000.0000,400000000.000,4.376750700
IRON_GOLEM,TRUE_PRIMORDIAL,MIRACLE,30,crowd,2761033142.86,13430857142.9,4.864431699
HOGLIN,COMMON,RARE,0,normal,1.34085504604e-07,1.99569123132e-07,1.488372093
HOGLIN,COMMON,RARE,0,boss,1.34085504604e-07,1.99569123132e-07,1.488372093
HOGLIN,COMMON,RARE,0,crowd,2.57444168840e-06,3.83172716413e-06,1.488372093
HOGLIN,COMMON,RARE,30,normal,1.69633754662e-07,1.99569123132e-07,1.176470588
HOGLIN,COMMON,RARE,30,boss,1.69633754662e-07,1.99569123132e-07,1.176470588
HOGLIN,COMMON,RARE,30,crowd,3.25696808951e-06,3.83172716413e-06,1.176470588
HOGLIN,RARE,ANCIENT,0,normal,4.29073614734e-06,6.38621194022e-06,1.488372093
HOGLIN,RARE,ANCIENT,0,boss,4.29073614734e-06,6.38621194022e-06,1.488372093
HOGLIN,RARE,ANCIENT,0,crowd,8.23821340288e-05,0.000122615269252,1.488372093
HOGLIN,RARE,ANCIENT,30,normal,5.42828014919e-06,6.38621194022e-06,1.176470588
HOGLIN,RARE,ANCIENT,30,boss,5.42828014919e-06,6.38621194022e-06,1.176470588
HOGLIN,RARE,ANCIENT,30,crowd,0.000104222978864,0.000122615269252,1.176470588
HOGLIN,ANCIENT,RELIC,0,normal,0.000137303556715,0.000286102294922,2.083720930
HOGLIN,ANCIENT,RELIC,0,boss,0.000137303556715,0.000286102294922,2.083720930
HOGLIN,ANCIENT,RELIC,0,crowd,0.00263622828892,0.00486373901367,1.844961240
HOGLIN,ANCIENT,RELIC,30,normal,0.000173704964774,0.000286102294922,1.647058824
HOGLIN,ANCIENT,RELIC,30,boss,0.000173704964774,0.000286102294922,1.647058824
HOGLIN,ANCIENT,RELIC,30,crowd,0.00333513532366,0.00486373901367,1.458333333
HOGLIN,RELIC,NARRATIVE,0,normal,0.00615119934082,0.00915527343750,1.488372093
HOGLIN,RELIC,NARRATIVE,0,boss,0.00615119934082,0.00915527343750,1.488372093
HOGLIN,RELIC,NARRATIVE,0,crowd,0.104570388794,0.166102818080,1.588430721
HOGLIN,RELIC,NARRATIVE,30,normal,0.00778198242188,0.00915527343750,1.176470588
HOGLIN,RELIC,NARRATIVE,30,boss,0.00778198242188,0.00915527343750,1.176470588
HOGLIN,RELIC,NARRATIVE,30,crowd,0.132293701172,0.166102818080,1.255561048
HOGLIN,NARRATIVE,LEGENDARY,0,normal,0.196838378906,0.402832031250,2.046511628
HOGLIN,NARRATIVE,LEGENDARY,0,boss,0.196838378906,0.402832031250,2.046511628
HOGLIN,NARRATIVE,LEGENDARY,0,crowd,3.57121058873,8.15604073661,2.283830800
HOGLIN,NARRATIVE,LEGENDARY,30,normal,0.249023437500,0.402832031250,1.617647059
HOGLIN,NARRATIVE,LEGENDARY,30,boss,0.249023437500,0.402832031250,1.617647059
HOGLIN,NARRATIVE,LEGENDARY,30,crowd,4.51799665179,8.15604073661,1.805233905
HOGLIN,LEGENDARY,EPIC,0,normal,8.66088867188,18.2477678571,2.106916339
HOGLIN,LEGENDARY,EPIC,0,boss,8.66088867188,18.2477678571,2.106916339
HOGLIN,LEGENDARY,EPIC,0,crowd,175.354875837,395.591517857,2.255948208
HOGLIN,LEGENDARY,EPIC,30,normal,10.9570312500,18.2477678571,1.665393430
HOGLIN,LEGENDARY,EPIC,30,boss,10.9570312500,18.2477678571,1.665393430
HOGLIN,LEGENDARY,EPIC,30,crowd,221.844308036,395.591517857,1.783194355
HOGLIN,EPIC,MYTHIC,0,normal,392.327008929,755.357142857,1.925325368
HOGLIN,EPIC,MYTHIC,0,boss,392.327008929,755.357142857,1.925325368
HOGLIN,EPIC,MYTHIC,0,crowd,8505.21763393,18878.5714286,2.219645898
HOGLIN,EPIC,MYTHIC,30,normal,496.339285714,755.357142857,1.521856449
HOGLIN,EPIC,MYTHIC,30,boss,496.339285714,755.357142857,1.521856449
HOGLIN,EPIC,MYTHIC,30,crowd,10760.0892857,18878.5714286,1.754499515
HOGLIN,MYTHIC,PRIMORDIAL,0,normal,16240.1785714,31028.5714286,1.910605311
HOGLIN,MYTHIC,PRIMORDIAL,0,boss,16240.1785714,31028.5714286,1.910605311
HOGLIN,MYTHIC,PRIMORDIAL,0,crowd,405889.285714,884742.857143,2.179764010
HOGLIN,MYTHIC,PRIMORDIAL,30,normal,20545.7142857,31028.5714286,1.510221110
HOGLIN,MYTHIC,PRIMORDIAL,30,boss,20545.7142857,31028.5714286,1.510221110
HOGLIN,MYTHIC,PRIMORDIAL,30,crowd,513497.142857,884742.857143,1.722975229
HOGLIN,PRIMORDIAL,TRUE_PRIMORDIAL,0,normal,667114.285714,3102857.14286,4.651162791
HOGLIN,PRIMORDIAL,TRUE_PRIMORDIAL,0,boss,667114.285714,3102857.14286,4.651162791
HOGLIN,PRIMORDIAL,TRUE_PRIMORDIAL,0,crowd,19021971.4286,88474285.7143,4.651162791
HOGLIN,PRIMORDIAL,TRUE_PRIMORDIAL,30,normal,843977.142857,3102857.14286,3.676470588
HOGLIN,PRIMORDIAL,TRUE_PRIMORDIAL,30,boss,843977.142857,3102857.14286,3.676470588
HOGLIN,PRIMORDIAL,TRUE_PRIMORDIAL,30,crowd,24065005.7143,88474285.7143,3.676470588
HOGLIN,TRUE_PRIMORDIAL,MIRACLE,0,normal,66711428.5714,360000000.000,5.396376718
HOGLIN,TRUE_PRIMORDIAL,MIRACLE,0,boss,66711428.5714,360000000.000,5.396376718
HOGLIN,TRUE_PRIMORDIAL,MIRACLE,0,crowd,1902197142.86,12101142857.1,6.361665983
HOGLIN,TRUE_PRIMORDIAL,MIRACLE,30,normal,84397714.2857,360000000.000,4.265518362
HOGLIN,TRUE_PRIMORDIAL,MIRACLE,30,boss,84397714.2857,360000000.000,4.265518362
HOGLIN,TRUE_PRIMORDIAL,MIRACLE,30,crowd,2406500571.43,12101142857.1,5.028522744
GOAT,COMMON,RARE,0,normal,1.43024538245e-07,2.12873731341e-07,1.488372093
GOAT,COMMON,RARE,0,boss,1.43024538245e-07,2.12873731341e-07,1.488372093
GOAT,COMMON,RARE,0,crowd,2.49399038564e-06,3.71198569025e-06,1.488372093
GOAT,COMMON,RARE,30,normal,1.80942671640e-07,2.12873731341e-07,1.176470588
GOAT,COMMON,RARE,30,boss,1.80942671640e-07,2.12873731341e-07,1.176470588
GOAT,COMMON,RARE,30,crowd,3.15518783672e-06,3.71198569025e-06,1.176470588
GOAT,RARE,ANCIENT,0,normal,4.57678522382e-06,6.81195940290e-06,1.488372093
GOAT,RARE,ANCIENT,0,boss,4.57678522382e-06,6.81195940290e-06,1.488372093
GOAT,RARE,ANCIENT,0,crowd,7.98076923404e-05,0.000118783542088,1.488372093
GOAT,RARE,ANCIENT,30,normal,5.79016549247e-06,6.81195940290e-06,1.176470588
GOAT,RARE,ANCIENT,30,boss,5.79016549247e-06,6.81195940290e-06,1.176470588
GOAT,RARE,ANCIENT,30,crowd,0.000100966010775,0.000118783542088,1.176470588
GOAT,ANCIENT,RELIC,0,normal,0.000146457127162,0.000245230538504,1.674418605
GOAT,ANCIENT,RELIC,0,boss,0.000146457127162,0.000245230538504,1.674418605
GOAT,ANCIENT,RELIC,0,crowd,0.00255384615489,0.00455038888114,1.781778778
GOAT,ANCIENT,RELIC,30,normal,0.000185285295759,0.000245230538504,1.323529412
GOAT,ANCIENT,RELIC,30,boss,0.000185285295759,0.000245230538504,1.323529412
GOAT,ANCIENT,RELIC,30,crowd,0.00323091234480,0.00455038888114,1.408391314
GOAT,RELIC,NARRATIVE,0,normal,0.00527245657785,0.00871930803571,1.653746770
GOAT,RELIC,NARRATIVE,0,boss,0.00527245657785,0.00871930803571,1.653746770
GOAT,RELIC,NARRATIVE,0,crowd,0.0978333609445,0.164685930525,1.683331012
GOAT,RELIC,NARRATIVE,30,normal,0.00667027064732,0.00871930803571,1.307189542
GOAT,RELIC,NARRATIVE,30,boss,0.00667027064732,0.00871930803571,1.307189542
GOAT,RELIC,NARRATIVE,30,crowd,0.123770577567,0.164685930525,1.330574146
GOAT,NARRATIVE,LEGENDARY,0,normal,0.187465122768,0.376674107143,2.009302326
GOAT,NARRATIVE,LEGENDARY,0,boss,0.187465122768,0.376674107143,2.009302326
GOAT,NARRATIVE,LEGENDARY,0,crowd,3.54074750628,7.65555245536,2.162128884
GOAT,NARRATIVE,LEGENDARY,30,normal,0.237165178571,0.376674107143,1.588235294
GOAT,NARRATIVE,LEGENDARY,30,boss,0.237165178571,0.376674107143,1.588235294
GOAT,NARRATIVE,LEGENDARY,30,crowd,4.47945731027,7.65555245536,1.709035699
GOAT,LEGENDARY,EPIC,0,normal,8.09849330357,16.5178571429,2.039621016
GOAT,LEGENDARY,EPIC,0,boss,8.09849330357,16.5178571429,2.039621016
GOAT,LEGENDARY,EPIC,0,crowd,164.594377790,361.160714286,2.194246967
GOAT,LEGENDARY,EPIC,30,normal,10.2455357143,16.5178571429,1.612200436
GOAT,LEGENDARY,EPIC,30,boss,10.2455357143,16.5178571429,1.612200436
GOAT,LEGENDARY,EPIC,30,crowd,208.231026786,361.160714286,1.734423154
GOAT,EPIC,MYTHIC,0,normal,355.133928571,703.571428571,1.981143935
GOAT,EPIC,MYTHIC,0,boss,355.133928571,703.571428571,1.981143935
GOAT,EPIC,MYTHIC,0,crowd,7764.95535714,16928.5714286,2.180124759
GOAT,EPIC,MYTHIC,30,normal,449.285714286,703.571428571,1.565977742
GOAT,EPIC,MYTHIC,30,boss,449.285714286,703.571428571,1.565977742
GOAT,EPIC,MYTHIC,30,crowd,9823.57142857,16928.5714286,1.723260380
GOAT,MYTHIC,PRIMORDIAL,0,normal,15126.7857143,30400.0000000,2.009680085
GOAT,MYTHIC,PRIMORDIAL,0,boss,15126.7857143,30400.0000000,2.009680085
GOAT,MYTHIC,PRIMORDIAL,0,crowd,363964.285714,831657.142857,2.284996566
GOAT,MYTHIC,PRIMORDIAL,30,normal,19137.1428571,30400.0000000,1.588533891
GOAT,MYTHIC,PRIMORDIAL,30,boss,19137.1428571,30400.0000000,1.588533891
GOAT,MYTHIC,PRIMORDIAL,30,crowd,460457.142857,831657.142857,1.806155374
GOAT,PRIMORDIAL,TRUE_PRIMORDIAL,0,normal,653600.000000,3040000.00000,4.651162791
GOAT,PRIMORDIAL,TRUE_PRIMORDIAL,0,boss,653600.000000,3040000.00000,4.651162791
GOAT,PRIMORDIAL,TRUE_PRIMORDIAL,0,crowd,17880628.5714,83165714.2857,4.651162791
GOAT,PRIMORDIAL,TRUE_PRIMORDIAL,30,normal,826880.000000,3040000.00000,3.676470588
GOAT,PRIMORDIAL,TRUE_PRIMORDIAL,30,boss,826880.000000,3040000.00000,3.676470588
GOAT,PRIMORDIAL,TRUE_PRIMORDIAL,30,crowd,22621074.2857,83165714.2857,3.676470588
GOAT,TRUE_PRIMORDIAL,MIRACLE,0,normal,65360000.0000,353142857.143,5.403042490
GOAT,TRUE_PRIMORDIAL,MIRACLE,0,boss,65360000.0000,353142857.143,5.403042490
GOAT,TRUE_PRIMORDIAL,MIRACLE,0,crowd,1788062857.14,11580571428.6,6.476601973
GOAT,TRUE_PRIMORDIAL,MIRACLE,30,normal,82688000.0000,353142857.143,4.270787262
GOAT,TRUE_PRIMORDIAL,MIRACLE,30,boss,82688000.0000,353142857.143,4.270787262
GOAT,TRUE_PRIMORDIAL,MIRACLE,30,crowd,2262107428.57,11580571428.6,5.119372883
RAVAGER,COMMON,RARE,0,normal,1.96658740086e-07,2.92701380593e-07,1.488372093
RAVAGER,COMMON,RARE,0,boss,1.96658740086e-07,2.92701380593e-07,1.488372093
RAVAGER,COMMON,RARE,0,crowd,3.09737515636e-06,4.61004674435e-06,1.488372093
RAVAGER,COMMON,RARE,30,normal,2.48796173504e-07,2.92701380593e-07,1.176470588
RAVAGER,COMMON,RARE,30,boss,2.48796173504e-07,2.92701380593e-07,1.176470588
RAVAGER,COMMON,RARE,30,crowd,3.91853973269e-06,4.61004674435e-06,1.176470588
RAVAGER,RARE,ANCIENT,0,normal,6.29307968276e-06,9.36644417899e-06,1.488372093
RAVAGER,RARE,ANCIENT,0,boss,6.29307968276e-06,9.36644417899e-06,1.488372093
RAVAGER,RARE,ANCIENT,0,crowd,9.91160050035e-05,0.000147521495819,1.488372093
RAVAGER,RARE,ANCIENT,30,normal,7.96147755214e-06,9.36644417899e-06,1.176470588
RAVAGER,RARE,ANCIENT,30,boss,7.96147755214e-06,9.36644417899e-06,1.176470588
RAVAGER,RARE,ANCIENT,30,crowd,0.000125393271446,0.000147521495819,1.176470588
RAVAGER,ANCIENT,RELIC,0,normal,0.000201378549848,0.000374657767160,1.860465116
RAVAGER,ANCIENT,RELIC,0,boss,0.000201378549848,0.000374657767160,1.860465116
RAVAGER,ANCIENT,RELIC,0,crowd,0.00317171216011,0.00569479806083,1.795496493
RAVAGER,ANCIENT,RELIC,30,normal,0.000254767281669,0.000374657767160,1.470588235
RAVAGER,ANCIENT,RELIC,30,boss,0.000254767281669,0.000374657767160,1.470588235
RAVAGER,ANCIENT,RELIC,30,crowd,0.00401258468628,0.00569479806083,1.419234360
RAVAGER,RELIC,NARRATIVE,0,normal,0.00805514199393,0.0119890485491,1.488372093
RAVAGER,RELIC,NARRATIVE,0,boss,0.00805514199393,0.0119890485491,1.488372093
RAVAGER,RELIC,NARRATIVE,0,crowd,0.122438158308,0.202015468052,1.649938800
RAVAGER,RELIC,NARRATIVE,30,normal,0.0101906912667,0.0119890485491,1.176470588
RAVAGER,RELIC,NARRATIVE,30,boss,0.0101906912667,0.0119890485491,1.176470588
RAVAGER,RELIC,NARRATIVE,30,crowd,0.154898507254,0.202015468052,1.304179567
RAVAGER,NARRATIVE,LEGENDARY,0,normal,0.257764543806,0.517926897321,2.009302326
RAVAGER,NARRATIVE,LEGENDARY,0,boss,0.257764543806,0.517926897321,2.009302326
RAVAGER,NARRATIVE,LEGENDARY,0,crowd,4.34333256313,10.4640415737,2.409219516
RAVAGER,NARRATIVE,LEGENDARY,30,normal,0.326102120536,0.517926897321,1.588235294
RAVAGER,NARRATIVE,LEGENDARY,30,boss,0.326102120536,0.517926897321,1.588235294
RAVAGER,NARRATIVE,LEGENDARY,30,crowd,5.49482073103,10.4640415737,1.904346308
RAVAGER,LEGENDARY,EPIC,0,normal,11.1354282924,21.4843750000,1.929371232
RAVAGER,LEGENDARY,EPIC,0,boss,11.1354282924,21.4843750000,1.929371232
RAVAGER,LEGENDARY,EPIC,0,crowd,224.976893834,506.417410714,2.250975209
RAVAGER,LEGENDARY,EPIC,30,normal,14.0876116071,21.4843750000,1.525054466
RAVAGER,LEGENDARY,EPIC,30,boss,14.0876116071,21.4843750000,1.525054466
RAVAGER,LEGENDARY,EPIC,30,crowd,284.621930804,506.417410714,1.779263493
RAVAGER,EPIC,MYTHIC,0,normal,461.914062500,903.571428571,1.956146179
RAVAGER,EPIC,MYTHIC,0,boss,461.914062500,903.571428571,1.956146179
RAVAGER,EPIC,MYTHIC,0,crowd,10887.9743304,22825.0000000,2.096349542
RAVAGER,EPIC,MYTHIC,30,normal,584.375000000,903.571428571,1.546218487
RAVAGER,EPIC,MYTHIC,30,boss,584.375000000,903.571428571,1.546218487
RAVAGER,EPIC,MYTHIC,30,crowd,13774.5535714,22825.0000000,1.657040998
RAVAGER,MYTHIC,PRIMORDIAL,0,normal,19426.7857143,39285.7142857,2.022244692
RAVAGER,MYTHIC,PRIMORDIAL,0,boss,19426.7857143,39285.7142857,2.022244692
RAVAGER,MYTHIC,PRIMORDIAL,0,crowd,490737.500000,1221942.85714,2.490013209
RAVAGER,MYTHIC,PRIMORDIAL,30,normal,24577.1428571,39285.7142857,1.598465473
RAVAGER,MYTHIC,PRIMORDIAL,30,boss,24577.1428571,39285.7142857,1.598465473
RAVAGER,MYTHIC,PRIMORDIAL,30,crowd,620840.000000,1221942.85714,1.968208970
RAVAGER,PRIMORDIAL,TRUE_PRIMORDIAL,0,normal,844642.857143,3928571.42857,4.651162791
RAVAGER,PRIMORDIAL,TRUE_PRIMORDIAL,0,boss,844642.857143,3928571.42857,4.651162791
RAVAGER,PRIMORDIAL,TRUE_PRIMORDIAL,0,crowd,26271771.4286,122194285.714,4.651162791
RAVAGER,PRIMORDIAL,TRUE_PRIMORDIAL,30,normal,1068571.42857,3928571.42857,3.676470588
RAVAGER,PRIMORDIAL,TRUE_PRIMORDIAL,30,boss,1068571.42857,3928571.42857,3.676470588
RAVAGER,PRIMORDIAL,TRUE_PRIMORDIAL,30,crowd,33236845.7143,122194285.714,3.676470588
RAVAGER,TRUE_PRIMORDIAL,MIRACLE,0,normal,84464285.7143,449428571.429,5.320930233
RAVAGER,TRUE_PRIMORDIAL,MIRACLE,0,boss,84464285.7143,449428571.429,5.320930233
RAVAGER,TRUE_PRIMORDIAL,MIRACLE,0,crowd,2627177142.86,15469142857.1,5.888123265
RAVAGER,TRUE_PRIMORDIAL,MIRACLE,30,normal,106857142.857,449428571.429,4.205882353
RAVAGER,TRUE_PRIMORDIAL,MIRACLE,30,boss,106857142.857,449428571.429,4.205882353
RAVAGER,TRUE_PRIMORDIAL,MIRACLE,30,crowd,3323684571.43,15469142857.1,4.654215081
SKELETON,COMMON,RARE,0,normal,3.44152795151e-07,5.12227416039e-07,1.488372093
SKELETON,COMMON,RARE,0,boss,3.44152795151e-07,5.12227416039e-07,1.488372093
SKELETON,COMMON,RARE,0,crowd,1.09503162093e-06,1.62981450558e-06,1.488372093
SKELETON,COMMON,RARE,30,normal,4.35393303633e-07,5.12227416039e-07,1.176470588
SKELETON,COMMON,RARE,30,boss,4.35393303633e-07,5.12227416039e-07,1.176470588
SKELETON,COMMON,RARE,30,crowd,1.38534232974e-06,1.62981450558e-06,1.176470588
SKELETON,RARE,ANCIENT,0,normal,1.10128894448e-05,1.63912773132e-05,1.488372093
SKELETON,RARE,ANCIENT,0,boss,1.10128894448e-05,1.63912773132e-05,1.488372093
SKELETON,RARE,ANCIENT,0,crowd,3.50410118699e-05,5.21540641785e-05,1.488372093
SKELETON,RARE,ANCIENT,30,normal,1.39325857162e-05,1.63912773132e-05,1.176470588
SKELETON,RARE,ANCIENT,30,boss,1.39325857162e-05,1.63912773132e-05,1.176470588
SKELETON,RARE,ANCIENT,30,crowd,4.43309545517e-05,5.21540641785e-05,1.176470588
SKELETON,ANCIENT,RELIC,0,normal,0.000352412462234,0.000667572021484,1.894291755
SKELETON,ANCIENT,RELIC,0,boss,0.000352412462234,0.000667572021484,1.894291755
SKELETON,ANCIENT,RELIC,0,crowd,0.00112131237984,0.00190734863281,1.700996678
SKELETON,ANCIENT,RELIC,30,normal,0.000445842742920,0.000667572021484,1.497326203
SKELETON,ANCIENT,RELIC,30,boss,0.000445842742920,0.000667572021484,1.497326203
SKELETON,ANCIENT,RELIC,30,crowd,0.00141859054565,0.00190734863281,1.344537815
SKELETON,RELIC,NARRATIVE,0,normal,0.0143527984619,0.0228881835938,1.594684385
SKELETON,RELIC,NARRATIVE,0,boss,0.0143527984619,0.0228881835938,1.594684385
SKELETON,RELIC,NARRATIVE,0,crowd,0.0410079956055,0.0640869140625,1.562790698
SKELETON,RELIC,NARRATIVE,30,normal,0.0181579589844,0.0228881835938,1.260504202
SKELETON,RELIC,NARRATIVE,30,boss,0.0181579589844,0.0228881835938,1.260504202
SKELETON,RELIC,NARRATIVE,30,crowd,0.0518798828125,0.0640869140625,1.235294118
SKELETON,NARRATIVE,LEGENDARY,0,normal,0.492095947266,0.830078125000,1.686821705
SKELETON,NARRATIVE,LEGENDARY,0,boss,0.492095947266,1.24511718750,2.530232558
SKELETON,NARRATIVE,LEGENDARY,0,crowd,1.37786865234,2.27661132813,1.652270210
SKELETON,NARRATIVE,LEGENDARY,30,normal,0.622558593750,0.830078125000,1.333333333
SKELETON,NARRATIVE,LEGENDARY,30,boss,0.622558593750,1.24511718750,2.000000000
SKELETON,NARRATIVE,LEGENDARY,30,crowd,1.74316406250,2.27661132813,1.306022409
SKELETON,LEGENDARY,EPIC,0,normal,17.8466796875,32.8125000000,1.838577291
SKELETON,LEGENDARY,EPIC,0,boss,26.7700195313,65.6250000000,2.451436389
SKELETON,LEGENDARY,EPIC,0,crowd,48.9471435547,87.5000000000,1.787642621
SKELETON,LEGENDARY,EPIC,30,normal,22.5781250000,32.8125000000,1.453287197
SKELETON,LEGENDARY,EPIC,30,boss,33.8671875000,65.6250000000,1.937716263
SKELETON,LEGENDARY,EPIC,30,crowd,61.9238281250,87.5000000000,1.413026337
SKELETON,EPIC,MYTHIC,0,normal,705.468750000,1250.00000000,1.771871539
SKELETON,EPIC,MYTHIC,0,boss,1410.93750000,3125.00000000,2.214839424
SKELETON,EPIC,MYTHIC,0,crowd,1881.25000000,3231.25000000,1.717607973
SKELETON,EPIC,MYTHIC,30,normal,892.500000000,1250.00000000,1.400560224
SKELETON,EPIC,MYTHIC,30,boss,1785.00000000,3125.00000000,1.750700280
SKELETON,EPIC,MYTHIC,30,crowd,2380.00000000,3231.25000000,1.357668067
SKELETON,MYTHIC,PRIMORDIAL,0,normal,26875.0000000,75200.0000000,2.798139535
SKELETON,MYTHIC,PRIMORDIAL,0,boss,67187.5000000,225600.000000,3.357767442
SKELETON,MYTHIC,PRIMORDIAL,0,crowd,69471.8750000,122200.000000,1.758985201
SKELETON,MYTHIC,PRIMORDIAL,30,normal,34000.0000000,75200.0000000,2.211764706
SKELETON,MYTHIC,PRIMORDIAL,30,boss,85000.0000000,225600.000000,2.654117647
SKELETON,MYTHIC,PRIMORDIAL,30,crowd,87890.0000000,122200.000000,1.390374332
SKELETON,PRIMORDIAL,TRUE_PRIMORDIAL,0,normal,1616800.00000,7520000.00000,4.651162791
SKELETON,PRIMORDIAL,TRUE_PRIMORDIAL,0,boss,4850400.00000,22560000.0000,4.651162791
SKELETON,PRIMORDIAL,TRUE_PRIMORDIAL,0,crowd,2627300.00000,12220000.0000,4.651162791
SKELETON,PRIMORDIAL,TRUE_PRIMORDIAL,30,normal,2045440.00000,7520000.00000,3.676470588
SKELETON,PRIMORDIAL,TRUE_PRIMORDIAL,30,boss,6136320.00000,22560000.0000,3.676470588
SKELETON,PRIMORDIAL,TRUE_PRIMORDIAL,30,crowd,3323840.00000,12220000.0000,3.676470588
SKELETON,TRUE_PRIMORDIAL,MIRACLE,0,normal,161680000.000,752000000.000,4.651162791
SKELETON,TRUE_PRIMORDIAL,MIRACLE,0,boss,485040000.000,2632000000.00,5.426356589
SKELETON,TRUE_PRIMORDIAL,MIRACLE,0,crowd,262730000.000,1222000000.00,4.651162791
SKELETON,TRUE_PRIMORDIAL,MIRACLE,30,normal,204544000.000,752000000.000,3.676470588
SKELETON,TRUE_PRIMORDIAL,MIRACLE,30,boss,613632000.000,2632000000.00,4.289215686
SKELETON,TRUE_PRIMORDIAL,MIRACLE,30,crowd,332384000.000,1222000000.00,3.676470588
STRAY,COMMON,RARE,0,normal,4.02256513813e-07,5.98707369396e-07,1.488372093
STRAY,COMMON,RARE,0,boss,4.02256513813e-07,5.98707369396e-07,1.488372093
STRAY,COMMON,RARE,0,crowd,1.17324816529e-06,1.74622982740e-06,1.488372093
STRAY,COMMON,RARE,30,normal,5.08901263986e-07,5.98707369396e-07,1.176470588
STRAY,COMMON,RARE,30,boss,5.08901263986e-07,5.98707369396e-07,1.176470588
STRAY,COMMON,RARE,30,crowd,1.48429535329e-06,1.74622982740e-06,1.176470588
STRAY,RARE,ANCIENT,0,normal,1.28722084420e-05,1.91586358207e-05,1.488372093
STRAY,RARE,ANCIENT,0,boss,1.28722084420e-05,1.91586358207e-05,1.488372093
STRAY,RARE,ANCIENT,0,crowd,3.75439412892e-05,5.58793544769e-05,1.488372093
STRAY,RARE,ANCIENT,30,normal,1.62848404476e-05,1.91586358207e-05,1.176470588
STRAY,RARE,ANCIENT,30,boss,1.62848404476e-05,1.91586358207e-05,1.176470588
STRAY,RARE,ANCIENT,30,crowd,4.74974513054e-05,5.58793544769e-05,1.176470588
STRAY,ANCIENT,RELIC,0,normal,0.000411910670144,0.000749315534319,1.819121447
STRAY,ANCIENT,RELIC,0,boss,0.000411910670144,0.000749315534319,1.819121447
STRAY,ANCIENT,RELIC,0,crowd,0.00120140612125,0.00204358782087,1.700996678
STRAY,ANCIENT,RELIC,30,normal,0.000521114894322,0.000749315534319,1.437908497
STRAY,ANCIENT,RELIC,30,boss,0.000521114894322,0.000749315534319,1.437908497
STRAY,ANCIENT,RELIC,30,crowd,0.00151991844177,0.00204358782087,1.344537815
STRAY,RELIC,NARRATIVE,0,normal,0.0161102839879,0.0283377511161,1.758985201
STRAY,RELIC,NARRATIVE,0,boss,0.0161102839879,0.0283377511161,1.758985201
STRAY,RELIC,NARRATIVE,0,crowd,0.0439371381487,0.0702994210379,1.600000000
STRAY,RELIC,NARRATIVE,30,normal,0.0203813825335,0.0283377511161,1.390374332
STRAY,RELIC,NARRATIVE,30,boss,0.0203813825335,0.0283377511161,1.390374332
STRAY,RELIC,NARRATIVE,30,crowd,0.0555855887277,0.0702994210379,1.264705882
STRAY,NARRATIVE,LEGENDARY,0,normal,0.609261648996,1.11607142857,1.831842576
STRAY,NARRATIVE,LEGENDARY,0,boss,0.609261648996,1.67410714286,2.747763864
STRAY,NARRATIVE,LEGENDARY,0,crowd,1.51143755232,2.54603794643,1.684514152
STRAY,NARRATIVE,LEGENDARY,30,normal,0.770786830357,1.11607142857,1.447963801
STRAY,NARRATIVE,LEGENDARY,30,boss,0.770786830357,1.67410714286,2.171945701
STRAY,NARRATIVE,LEGENDARY,30,crowd,1.91214425223,2.54603794643,1.331509348
STRAY,LEGENDARY,EPIC,0,normal,23.9955357143,58.0357142857,2.418604651
STRAY,LEGENDARY,EPIC,0,boss,35.9933035714,116.071428571,3.224806202
STRAY,LEGENDARY,EPIC,0,crowd,54.7398158482,93.7500000000,1.712647340
STRAY,LEGENDARY,EPIC,30,normal,30.3571428571,58.0357142857,1.911764706
STRAY,LEGENDARY,EPIC,30,boss,45.5357142857,116.071428571,2.549019608
STRAY,LEGENDARY,EPIC,30,crowd,69.2522321429,93.7500000000,1.353746978
STRAY,EPIC,MYTHIC,0,normal,1247.76785714,2428.57142857,1.946332737
STRAY,EPIC,MYTHIC,0,boss,2495.53571429,6071.42857143,2.432915921
STRAY,EPIC,MYTHIC,0,crowd,2015.62500000,3526.78571429,1.749723145
STRAY,EPIC,MYTHIC,30,normal,1578.57142857,2428.57142857,1.538461538
STRAY,EPIC,MYTHIC,30,boss,3157.14285714,6071.42857143,1.923076923
STRAY,EPIC,MYTHIC,30,crowd,2550.00000000,3526.78571429,1.383053221
STRAY,MYTHIC,PRIMORDIAL,0,normal,52214.2857143,116571.428571,2.232558140
STRAY,MYTHIC,PRIMORDIAL,0,boss,130535.714286,349714.285714,2.679069767
STRAY,MYTHIC,PRIMORDIAL,0,crowd,75825.8928571,137142.857143,1.808654695
STRAY,MYTHIC,PRIMORDIAL,30,normal,66057.1428571,116571.428571,1.764705882
STRAY,MYTHIC,PRIMORDIAL,30,boss,165142.857143,349714.285714,2.117647059
STRAY,MYTHIC,PRIMORDIAL,30,crowd,95928.5714286,137142.857143,1.429635145
STRAY,PRIMORDIAL,TRUE_PRIMORDIAL,0,normal,2506285.71429,11657142.8571,4.651162791
STRAY,PRIMORDIAL,TRUE_PRIMORDIAL,0,boss,7518857.14286,34971428.5714,4.651162791
STRAY,PRIMORDIAL,TRUE_PRIMORDIAL,0,crowd,2948571.42857,13714285.7143,4.651162791
STRAY,PRIMORDIAL,TRUE_PRIMORDIAL,30,normal,3170742.85714,11657142.8571,3.676470588
STRAY,PRIMORDIAL,TRUE_PRIMORDIAL,30,boss,9512228.57143,34971428.5714,3.676470588
STRAY,PRIMORDIAL,TRUE_PRIMORDIAL,30,crowd,3730285.71429,13714285.7143,3.676470588
STRAY,TRUE_PRIMORDIAL,MIRACLE,0,normal,250628571.429,1165714285.71,4.651162791
STRAY,TRUE_PRIMORDIAL,MIRACLE,0,boss,751885714.286,4080000000.00,5.426356589
STRAY,TRUE_PRIMORDIAL,MIRACLE,0,crowd,294857142.857,1371428571.43,4.651162791
STRAY,TRUE_PRIMORDIAL,MIRACLE,30,normal,317074285.714,1165714285.71,3.676470588
STRAY,TRUE_PRIMORDIAL,MIRACLE,30,boss,951222857.143,4080000000.00,4.289215686
STRAY,TRUE_PRIMORDIAL,MIRACLE,30,crowd,373028571.429,1371428571.43,3.676470588
BOGGED,COMMON,RARE,0,normal,3.34096382306e-07,4.97259731804e-07,1.488372093
BOGGED,COMMON,RARE,0,boss,3.34096382306e-07,4.97259731804e-07,1.488372093
BOGGED,COMMON,RARE,0,crowd,1.19824952500e-06,1.78344115349e-06,1.488372093
BOGGED,COMMON,RARE,30,normal,4.22670772033e-07,4.97259731804e-07,1.176470588
BOGGED,COMMON,RARE,30,boss,4.22670772033e-07,4.97259731804e-07,1.176470588
BOGGED,COMMON,RARE,30,crowd,1.51592498046e-06,1.78344115349e-06,1.176470588
BOGGED,RARE,ANCIENT,0,normal,1.06910842338e-05,1.59123114177e-05,1.488372093
BOGGED,RARE,ANCIENT,0,boss,1.06910842338e-05,1.59123114177e-05,1.488372093
BOGGED,RARE,ANCIENT,0,crowd,3.83439848000e-05,5.70701169116e-05,1.488372093
BOGGED,RARE,ANCIENT,30,normal,1.35254647051e-05,1.59123114177e-05,1.176470588
BOGGED,RARE,ANCIENT,30,boss,1.35254647051e-05,1.59123114177e-05,1.176470588
BOGGED,RARE,ANCIENT,30,crowd,4.85095993749e-05,5.70701169116e-05,1.176470588
BOGGED,ANCIENT,RELIC,0,normal,0.000342114695481,0.000626700265067,1.831842576
BOGGED,ANCIENT,RELIC,0,boss,0.000342114695481,0.000626700265067,1.831842576
BOGGED,ANCIENT,RELIC,0,crowd,0.00122700751360,0.00205636024475,1.675914957
BOGGED,ANCIENT,RELIC,30,normal,0.000432814870562,0.000626700265067,1.447963801
BOGGED,ANCIENT,RELIC,30,boss,0.000432814870562,0.000626700265067,1.447963801
BOGGED,ANCIENT,RELIC,30,crowd,0.00155230718000,0.00205636024475,1.324712191
BOGGED,RELIC,NARRATIVE,0,normal,0.0134740556989,0.0225612095424,1.674418605
BOGGED,RELIC,NARRATIVE,0,boss,0.0134740556989,0.0225612095424,1.674418605
BOGGED,RELIC,NARRATIVE,0,crowd,0.0442117452621,0.0701904296875,1.587596899
BOGGED,RELIC,NARRATIVE,30,normal,0.0170462472098,0.0225612095424,1.323529412
BOGGED,RELIC,NARRATIVE,30,boss,0.0170462472098,0.0225612095424,1.323529412
BOGGED,RELIC,NARRATIVE,30,crowd,0.0559329986572,0.0701904296875,1.254901961
BOGGED,NARRATIVE,LEGENDARY,0,normal,0.485066005162,0.842285156250,1.736434109
BOGGED,NARRATIVE,LEGENDARY,0,boss,0.485066005162,1.26342773438,2.604651163
BOGGED,NARRATIVE,LEGENDARY,0,crowd,1.50909423828,2.59203229632,1.717607973
BOGGED,NARRATIVE,LEGENDARY,30,normal,0.613664899554,0.842285156250,1.372549020
BOGGED,NARRATIVE,LEGENDARY,30,boss,0.613664899554,1.26342773438,2.058823529
BOGGED,NARRATIVE,LEGENDARY,30,crowd,1.90917968750,2.59203229632,1.357668067
BOGGED,LEGENDARY,EPIC,0,normal,18.1091308594,30.8035714286,1.700996678
BOGGED,LEGENDARY,EPIC,0,boss,27.1636962891,61.6071428571,2.267995570
BOGGED,LEGENDARY,EPIC,0,crowd,55.7286943708,89.8437500000,1.612163196
BOGGED,LEGENDARY,EPIC,30,normal,22.9101562500,30.8035714286,1.344537815
BOGGED,LEGENDARY,EPIC,30,boss,34.3652343750,61.6071428571,1.792717087
BOGGED,LEGENDARY,EPIC,30,crowd,70.5032784598,89.8437500000,1.274320173
BOGGED,EPIC,MYTHIC,0,normal,662.276785714,1191.07142857,1.798449612
BOGGED,EPIC,MYTHIC,0,boss,1324.55357143,2977.67857143,2.248062016
BOGGED,EPIC,MYTHIC,0,crowd,1931.64062500,3450.00000000,1.786046512
BOGGED,EPIC,MYTHIC,30,normal,837.857142857,1191.07142857,1.421568627
BOGGED,EPIC,MYTHIC,30,boss,1675.71428571,2977.67857143,1.776960784
BOGGED,EPIC,MYTHIC,30,crowd,2443.75000000,3450.00000000,1.411764706
BOGGED,MYTHIC,PRIMORDIAL,0,normal,25608.0357143,51257.1428571,2.001603849
BOGGED,MYTHIC,PRIMORDIAL,0,boss,64020.0892857,153771.428571,2.401924619
BOGGED,MYTHIC,PRIMORDIAL,0,crowd,74175.0000000,138000.000000,1.860465116
BOGGED,MYTHIC,PRIMORDIAL,30,normal,32397.1428571,51257.1428571,1.582150101
BOGGED,MYTHIC,PRIMORDIAL,30,boss,80992.8571429,153771.428571,1.898580122
BOGGED,MYTHIC,PRIMORDIAL,30,crowd,93840.0000000,138000.000000,1.470588235
BOGGED,PRIMORDIAL,TRUE_PRIMORDIAL,0,normal,1102028.57143,5125714.28571,4.651162791
BOGGED,PRIMORDIAL,TRUE_PRIMORDIAL,0,boss,3306085.71429,15377142.8571,4.651162791
BOGGED,PRIMORDIAL,TRUE_PRIMORDIAL,0,crowd,2967000.00000,13800000.0000,4.651162791
BOGGED,PRIMORDIAL,TRUE_PRIMORDIAL,30,normal,1394194.28571,5125714.28571,3.676470588
BOGGED,PRIMORDIAL,TRUE_PRIMORDIAL,30,boss,4182582.85714,15377142.8571,3.676470588
BOGGED,PRIMORDIAL,TRUE_PRIMORDIAL,30,crowd,3753600.00000,13800000.0000,3.676470588
BOGGED,TRUE_PRIMORDIAL,MIRACLE,0,normal,110202857.143,512571428.571,4.651162791
BOGGED,TRUE_PRIMORDIAL,MIRACLE,0,boss,330608571.429,1794000000.00,5.426356589
BOGGED,TRUE_PRIMORDIAL,MIRACLE,0,crowd,296700000.000,1380000000.00,4.651162791
BOGGED,TRUE_PRIMORDIAL,MIRACLE,30,normal,139419428.571,512571428.571,3.676470588
BOGGED,TRUE_PRIMORDIAL,MIRACLE,30,boss,418258285.714,1794000000.00,4.289215686
BOGGED,TRUE_PRIMORDIAL,MIRACLE,30,crowd,375360000.000,1380000000.00,3.676470588
PIGLIN,COMMON,RARE,0,normal,4.64829749295e-07,6.91839626857e-07,1.488372093
PIGLIN,COMMON,RARE,0,boss,4.64829749295e-07,6.91839626857e-07,1.488372093
PIGLIN,COMMON,RARE,0,crowd,1.22017809190e-06,1.81607902050e-06,1.488372093
PIGLIN,COMMON,RARE,30,normal,5.88063682829e-07,6.91839626857e-07,1.176470588
PIGLIN,COMMON,RARE,30,boss,5.88063682829e-07,6.91839626857e-07,1.176470588
PIGLIN,COMMON,RARE,30,crowd,1.54366716743e-06,1.81607902050e-06,1.176470588
PIGLIN,RARE,ANCIENT,0,normal,1.48745519774e-05,2.21388680594e-05,1.488372093
PIGLIN,RARE,ANCIENT,0,boss,1.48745519774e-05,2.21388680594e-05,1.488372093
PIGLIN,RARE,ANCIENT,0,crowd,3.90456989408e-05,5.81145286560e-05,1.488372093
PIGLIN,RARE,ANCIENT,30,normal,1.88180378505e-05,2.21388680594e-05,1.176470588
PIGLIN,RARE,ANCIENT,30,boss,1.88180378505e-05,2.21388680594e-05,1.176470588
PIGLIN,RARE,ANCIENT,30,crowd,4.93973493576e-05,5.81145286560e-05,1.176470588
PIGLIN,ANCIENT,RELIC,0,normal,0.000475985663278,0.00106266566685,2.232558140
PIGLIN,ANCIENT,RELIC,0,boss,0.000475985663278,0.00106266566685,2.232558140
PIGLIN,ANCIENT,RELIC,0,crowd,0.00124946236610,0.00212533133371,1.700996678
PIGLIN,ANCIENT,RELIC,30,normal,0.000602177211217,0.00106266566685,1.764705882
PIGLIN,ANCIENT,RELIC,30,boss,0.000602177211217,0.00106266566685,1.764705882
PIGLIN,ANCIENT,RELIC,30,crowd,0.00158071517944,0.00212533133371,1.344537815
PIGLIN,RELIC,NARRATIVE,0,normal,0.0228473118373,0.0510079520089,2.232558140
PIGLIN,RELIC,NARRATIVE,0,boss,0.0228473118373,0.0510079520089,2.232558140
PIGLIN,RELIC,NARRATIVE,0,crowd,0.0456946236747,0.0743865966797,1.627906977
PIGLIN,RELIC,NARRATIVE,30,normal,0.0289045061384,0.0510079520089,1.764705882
PIGLIN,RELIC,NARRATIVE,30,boss,0.0289045061384,0.0510079520089,1.764705882
PIGLIN,RELIC,NARRATIVE,30,crowd,0.0578090122768,0.0743865966797,1.286764706
PIGLIN,NARRATIVE,LEGENDARY,0,normal,1.09667096819,1.90429687500,1.736434109
PIGLIN,NARRATIVE,LEGENDARY,0,boss,1.09667096819,2.85644531250,2.604651163
PIGLIN,NARRATIVE,LEGENDARY,0,crowd,1.59931182861,2.62974330357,1.644296788
PIGLIN,NARRATIVE,LEGENDARY,30,normal,1.38741629464,1.90429687500,1.372549020
PIGLIN,NARRATIVE,LEGENDARY,30,boss,1.38741629464,2.85644531250,2.058823529
PIGLIN,NARRATIVE,LEGENDARY,30,crowd,2.02331542969,2.62974330357,1.299719888
PIGLIN,LEGENDARY,EPIC,0,normal,40.9423828125,81.2500000000,1.984496124
PIGLIN,LEGENDARY,EPIC,0,boss,61.4135742188,162.500000000,2.645994832
PIGLIN,LEGENDARY,EPIC,0,crowd,56.5394810268,97.5725446429,1.725741780
PIGLIN,LEGENDARY,EPIC,30,normal,51.7968750000,81.2500000000,1.568627451
PIGLIN,LEGENDARY,EPIC,30,boss,77.6953125000,162.500000000,2.091503268
PIGLIN,LEGENDARY,EPIC,30,crowd,71.5290178571,97.5725446429,1.364097363
PIGLIN,EPIC,MYTHIC,0,normal,1746.87500000,3250.00000000,1.860465116
PIGLIN,EPIC,MYTHIC,0,boss,3493.75000000,8125.00000000,2.325581395
PIGLIN,EPIC,MYTHIC,0,crowd,2097.80970982,3540.17857143,1.687559436
PIGLIN,EPIC,MYTHIC,30,normal,2210.00000000,3250.00000000,1.470588235
PIGLIN,EPIC,MYTHIC,30,boss,4420.00000000,8125.00000000,1.838235294
PIGLIN,EPIC,MYTHIC,30,crowd,2653.97321429,3540.17857143,1.333916466
PIGLIN,MYTHIC,PRIMORDIAL,0,normal,69875.0000000,133714.285714,1.913621262
PIGLIN,MYTHIC,PRIMORDIAL,0,boss,174687.500000,401142.857143,2.296345515
PIGLIN,MYTHIC,PRIMORDIAL,0,crowd,76113.8392857,138542.857143,1.820205871
PIGLIN,MYTHIC,PRIMORDIAL,30,normal,88400.0000000,133714.285714,1.512605042
PIGLIN,MYTHIC,PRIMORDIAL,30,boss,221000.000000,401142.857143,1.815126050
PIGLIN,MYTHIC,PRIMORDIAL,30,crowd,96292.8571429,138542.857143,1.438765670
PIGLIN,PRIMORDIAL,TRUE_PRIMORDIAL,0,normal,2874857.14286,13371428.5714,4.651162791
PIGLIN,PRIMORDIAL,TRUE_PRIMORDIAL,0,boss,8624571.42857,40114285.7143,4.651162791
PIGLIN,PRIMORDIAL,TRUE_PRIMORDIAL,0,crowd,2978671.42857,13854285.7143,4.651162791
PIGLIN,PRIMORDIAL,TRUE_PRIMORDIAL,30,normal,3637028.57143,13371428.5714,3.676470588
PIGLIN,PRIMORDIAL,TRUE_PRIMORDIAL,30,boss,10911085.7143,40114285.7143,3.676470588
PIGLIN,PRIMORDIAL,TRUE_PRIMORDIAL,30,crowd,3768365.71429,13854285.7143,3.676470588
PIGLIN,TRUE_PRIMORDIAL,MIRACLE,0,normal,287485714.286,1337142857.14,4.651162791
PIGLIN,TRUE_PRIMORDIAL,MIRACLE,0,boss,862457142.857,4680000000.00,5.426356589
PIGLIN,TRUE_PRIMORDIAL,MIRACLE,0,crowd,297867142.857,1385428571.43,4.651162791
PIGLIN,TRUE_PRIMORDIAL,MIRACLE,30,normal,363702857.143,1337142857.14,3.676470588
PIGLIN,TRUE_PRIMORDIAL,MIRACLE,30,boss,1091108571.43,4680000000.00,4.289215686
PIGLIN,TRUE_PRIMORDIAL,MIRACLE,30,crowd,376836571.429,1385428571.43,3.676470588
WITCH,COMMON,RARE,0,normal,2.14536807367e-07,3.19310597011e-07,1.488372093
WITCH,COMMON,RARE,0,boss,2.14536807367e-07,3.19310597011e-07,1.488372093
WITCH,COMMON,RARE,0,crowd,1.62578674333e-06,2.41977561797e-06,1.488372093
WITCH,COMMON,RARE,30,normal,2.71414007459e-07,3.19310597011e-07,1.176470588
WITCH,COMMON,RARE,30,boss,2.71414007459e-07,3.19310597011e-07,1.176470588
WITCH,COMMON,RARE,30,crowd,2.05680927528e-06,2.41977561797e-06,1.176470588
WITCH,RARE,ANCIENT,0,normal,6.86517783574e-06,1.02179391044e-05,1.488372093
WITCH,RARE,ANCIENT,0,boss,6.86517783574e-06,1.02179391044e-05,1.488372093
WITCH,RARE,ANCIENT,0,crowd,5.20251757864e-05,7.74328197752e-05,1.488372093
WITCH,RARE,ANCIENT,30,normal,8.68524823870e-06,1.02179391044e-05,1.176470588
WITCH,RARE,ANCIENT,30,boss,8.68524823870e-06,1.02179391044e-05,1.176470588
WITCH,RARE,ANCIENT,30,crowd,6.58178968089e-05,7.74328197752e-05,1.176470588
WITCH,ANCIENT,RELIC,0,normal,0.000219685690744,0.000408717564174,1.860465116
WITCH,ANCIENT,RELIC,0,boss,0.000219685690744,0.000408717564174,1.860465116
WITCH,ANCIENT,RELIC,0,crowd,0.00166480562517,0.00271797180176,1.632606090
WITCH,ANCIENT,RELIC,30,normal,0.000277927943638,0.000408717564174,1.470588235
WITCH,ANCIENT,RELIC,30,boss,0.000277927943638,0.000408717564174,1.470588235
WITCH,ANCIENT,RELIC,30,crowd,0.00210617269788,0.00271797180176,1.290479078
WITCH,RELIC,NARRATIVE,0,normal,0.00878742762974,0.0143868582589,1.637209302
WITCH,RELIC,NARRATIVE,0,boss,0.00878742762974,0.0143868582589,1.637209302
WITCH,RELIC,NARRATIVE,0,crowd,0.0584363937378,0.0987461635045,1.689805910
WITCH,RELIC,NARRATIVE,30,normal,0.0111171177455,0.0143868582589,1.294117647
WITCH,RELIC,NARRATIVE,30,boss,0.0111171177455,0.0143868582589,1.294117647
WITCH,RELIC,NARRATIVE,30,crowd,0.0739288330078,0.0987461635045,1.335692172
WITCH,NARRATIVE,LEGENDARY,0,normal,0.309317452567,0.707310267857,2.286680761
WITCH,NARRATIVE,LEGENDARY,0,boss,0.309317452567,0.707310267857,2.286680761
WITCH,NARRATIVE,LEGENDARY,0,crowd,2.12304251535,3.91060965402,1.841983675
WITCH,NARRATIVE,LEGENDARY,30,normal,0.391322544643,0.707310267857,1.807486631
WITCH,NARRATIVE,LEGENDARY,30,boss,0.391322544643,0.707310267857,1.807486631
WITCH,NARRATIVE,LEGENDARY,30,crowd,2.68589564732,3.91060965402,1.455979743
WITCH,LEGENDARY,EPIC,0,normal,15.2071707589,32.1428571429,2.113664511
WITCH,LEGENDARY,EPIC,0,boss,15.2071707589,32.1428571429,2.113664511
WITCH,LEGENDARY,EPIC,0,crowd,84.0781075614,162.522321429,1.932992144
WITCH,LEGENDARY,EPIC,30,normal,19.2388392857,32.1428571429,1.670727463
WITCH,LEGENDARY,EPIC,30,boss,19.2388392857,32.1428571429,1.670727463
WITCH,LEGENDARY,EPIC,30,crowd,106.368582589,162.522321429,1.527916585
WITCH,EPIC,MYTHIC,0,normal,691.071428571,1547.14285714,2.238759690
WITCH,EPIC,MYTHIC,0,boss,691.071428571,1547.14285714,2.238759690
WITCH,EPIC,MYTHIC,0,crowd,3494.22991071,6873.21428571,1.967018331
WITCH,EPIC,MYTHIC,30,normal,874.285714286,1547.14285714,1.769607843
WITCH,EPIC,MYTHIC,30,boss,874.285714286,1547.14285714,1.769607843
WITCH,EPIC,MYTHIC,30,crowd,4420.60714286,6873.21428571,1.554812283
WITCH,MYTHIC,PRIMORDIAL,0,normal,33263.5714286,69394.2857143,2.086194679
WITCH,MYTHIC,PRIMORDIAL,0,boss,33263.5714286,69394.2857143,2.086194679
WITCH,MYTHIC,PRIMORDIAL,0,crowd,147774.107143,275485.714286,1.864235350
WITCH,MYTHIC,PRIMORDIAL,30,normal,42082.2857143,69394.2857143,1.649014176
WITCH,MYTHIC,PRIMORDIAL,30,boss,42082.2857143,69394.2857143,1.649014176
WITCH,MYTHIC,PRIMORDIAL,30,crowd,186951.428571,275485.714286,1.473568383
WITCH,PRIMORDIAL,TRUE_PRIMORDIAL,0,normal,1491977.14286,6939428.57143,4.651162791
WITCH,PRIMORDIAL,TRUE_PRIMORDIAL,0,boss,1491977.14286,6939428.57143,4.651162791
WITCH,PRIMORDIAL,TRUE_PRIMORDIAL,0,crowd,5922942.85714,27548571.4286,4.651162791
WITCH,PRIMORDIAL,TRUE_PRIMORDIAL,30,normal,1887524.57143,6939428.57143,3.676470588
WITCH,PRIMORDIAL,TRUE_PRIMORDIAL,30,boss,1887524.57143,6939428.57143,3.676470588
WITCH,PRIMORDIAL,TRUE_PRIMORDIAL,30,crowd,7493211.42857,27548571.4286,3.676470588
WITCH,TRUE_PRIMORDIAL,MIRACLE,0,normal,149197714.286,788571428.571,5.285412262
WITCH,TRUE_PRIMORDIAL,MIRACLE,0,boss,149197714.286,788571428.571,5.285412262
WITCH,TRUE_PRIMORDIAL,MIRACLE,0,crowd,592294285.714,3001714285.71,5.067944024
WITCH,TRUE_PRIMORDIAL,MIRACLE,30,normal,188752457.143,788571428.571,4.177807487
WITCH,TRUE_PRIMORDIAL,MIRACLE,30,boss,188752457.143,788571428.571,4.177807487
WITCH,TRUE_PRIMORDIAL,MIRACLE,30,crowd,749321142.857,3001714285.71,4.005911637
LLAMA,COMMON,RARE,0,normal,2.34649633057e-07,3.49245965481e-07,1.488372093
LLAMA,COMMON,RARE,0,boss,2.34649633057e-07,3.49245965481e-07,1.488372093
LLAMA,COMMON,RARE,0,crowd,1.00899342215e-06,1.50175765157e-06,1.488372093
LLAMA,COMMON,RARE,30,normal,2.96859070659e-07,3.49245965481e-07,1.176470588
LLAMA,COMMON,RARE,30,boss,2.96859070659e-07,3.49245965481e-07,1.176470588
LLAMA,COMMON,RARE,30,crowd,1.27649400383e-06,1.50175765157e-06,1.176470588
LLAMA,RARE,ANCIENT,0,normal,7.50878825784e-06,1.11758708954e-05,1.488372093
LLAMA,RARE,ANCIENT,0,boss,7.50878825784e-06,1.11758708954e-05,1.488372093
LLAMA,RARE,ANCIENT,0,crowd,3.22877895087e-05,4.80562448502e-05,1.488372093
LLAMA,RARE,ANCIENT,30,normal,9.49949026108e-06,1.11758708954e-05,1.176470588
LLAMA,RARE,ANCIENT,30,boss,9.49949026108e-06,1.11758708954e-05,1.176470588
LLAMA,RARE,ANCIENT,30,crowd,4.08478081226e-05,4.80562448502e-05,1.176470588
LLAMA,ANCIENT,RELIC,0,normal,0.000240281224251,0.000429153442383,1.786046512
LLAMA,ANCIENT,RELIC,0,boss,0.000240281224251,0.000429153442383,1.786046512
LLAMA,ANCIENT,RELIC,0,crowd,0.00103320926428,0.00172108411789,1.665765279
LLAMA,ANCIENT,RELIC,30,normal,0.000303983688354,0.000429153442383,1.411764706
LLAMA,ANCIENT,RELIC,30,boss,0.000303983688354,0.000429153442383,1.411764706
LLAMA,ANCIENT,RELIC,30,crowd,0.00130712985992,0.00172108411789,1.316689466
LLAMA,RELIC,NARRATIVE,0,normal,0.00922679901123,0.0160217285156,1.736434109
LLAMA,RELIC,NARRATIVE,0,boss,0.00922679901123,0.0160217285156,1.736434109
LLAMA,RELIC,NARRATIVE,0,crowd,0.0370033085346,0.0612258911133,1.654605859
LLAMA,RELIC,NARRATIVE,30,normal,0.0116729736328,0.0160217285156,1.372549020
LLAMA,RELIC,NARRATIVE,30,boss,0.0116729736328,0.0160217285156,1.372549020
LLAMA,RELIC,NARRATIVE,30,crowd,0.0468134880066,0.0612258911133,1.307868602
LLAMA,NARRATIVE,LEGENDARY,0,normal,0.344467163086,0.761718750000,2.211295681
LLAMA,NARRATIVE,LEGENDARY,0,boss,0.344467163086,0.761718750000,2.211295681
LLAMA,NARRATIVE,LEGENDARY,0,crowd,1.31635665894,2.70263671875,2.053118887
LLAMA,NARRATIVE,LEGENDARY,30,normal,0.435791015625,0.761718750000,1.747899160
LLAMA,NARRATIVE,LEGENDARY,30,boss,0.435791015625,0.761718750000,1.747899160
LLAMA,NARRATIVE,LEGENDARY,30,crowd,1.66534423828,2.70263671875,1.622869709
LLAMA,LEGENDARY,EPIC,0,normal,16.3769531250,35.6250000000,2.175313059
LLAMA,LEGENDARY,EPIC,0,boss,16.3769531250,35.6250000000,2.175313059
LLAMA,LEGENDARY,EPIC,0,crowd,58.1066894531,123.222656250,2.120627718
LLAMA,LEGENDARY,EPIC,30,normal,20.7187500000,35.6250000000,1.719457014
LLAMA,LEGENDARY,EPIC,30,boss,20.7187500000,35.6250000000,1.719457014
LLAMA,LEGENDARY,EPIC,30,crowd,73.5117187500,123.222656250,1.676231468
LLAMA,EPIC,MYTHIC,0,normal,765.937500000,1710.00000000,2.232558140
LLAMA,EPIC,MYTHIC,0,boss,765.937500000,1710.00000000,2.232558140
LLAMA,EPIC,MYTHIC,0,crowd,2649.28710938,5521.40625000,2.084110186
LLAMA,EPIC,MYTHIC,30,normal,969.000000000,1710.00000000,1.764705882
LLAMA,EPIC,MYTHIC,30,boss,969.000000000,1710.00000000,1.764705882
LLAMA,EPIC,MYTHIC,30,crowd,3351.65625000,5521.40625000,1.647366507
LLAMA,MYTHIC,PRIMORDIAL,0,normal,36765.0000000,81840.0000000,2.226030192
LLAMA,MYTHIC,PRIMORDIAL,0,boss,36765.0000000,81840.0000000,2.226030192
LLAMA,MYTHIC,PRIMORDIAL,0,crowd,118710.234375,249480.000000,2.101587966
LLAMA,MYTHIC,PRIMORDIAL,30,normal,46512.0000000,81840.0000000,1.759545924
LLAMA,MYTHIC,PRIMORDIAL,30,boss,46512.0000000,81840.0000000,1.759545924
LLAMA,MYTHIC,PRIMORDIAL,30,crowd,150182.250000,249480.000000,1.661181664
LLAMA,PRIMORDIAL,TRUE_PRIMORDIAL,0,normal,1759560.00000,8184000.00000,4.651162791
LLAMA,PRIMORDIAL,TRUE_PRIMORDIAL,0,boss,1759560.00000,8184000.00000,4.651162791
LLAMA,PRIMORDIAL,TRUE_PRIMORDIAL,0,crowd,5363820.00000,24948000.0000,4.651162791
LLAMA,PRIMORDIAL,TRUE_PRIMORDIAL,30,normal,2226048.00000,8184000.00000,3.676470588
LLAMA,PRIMORDIAL,TRUE_PRIMORDIAL,30,boss,2226048.00000,8184000.00000,3.676470588
LLAMA,PRIMORDIAL,TRUE_PRIMORDIAL,30,crowd,6785856.00000,24948000.0000,3.676470588
LLAMA,TRUE_PRIMORDIAL,MIRACLE,0,normal,175956000.000,930000000.000,5.285412262
LLAMA,TRUE_PRIMORDIAL,MIRACLE,0,boss,175956000.000,930000000.000,5.285412262
LLAMA,TRUE_PRIMORDIAL,MIRACLE,0,crowd,536382000.000,2830500000.00,5.277022719
LLAMA,TRUE_PRIMORDIAL,MIRACLE,30,normal,222604800.000,930000000.000,4.177807487
LLAMA,TRUE_PRIMORDIAL,MIRACLE,30,boss,222604800.000,930000000.000,4.177807487
LLAMA,TRUE_PRIMORDIAL,MIRACLE,30,crowd,678585600.000,2830500000.00,4.171176046
SNOW_GOLEM,COMMON,RARE,0,normal,2.32414874647e-07,3.45919813429e-07,1.488372093
SNOW_GOLEM,COMMON,RARE,0,boss,2.32414874647e-07,3.45919813429e-07,1.488372093
SNOW_GOLEM,COMMON,RARE,0,crowd,8.86081709593e-07,1.31881928870e-06,1.488372093
SNOW_GOLEM,COMMON,RARE,30,normal,2.94031841414e-07,3.45919813429e-07,1.176470588
SNOW_GOLEM,COMMON,RARE,30,boss,2.94031841414e-07,3.45919813429e-07,1.176470588
SNOW_GOLEM,COMMON,RARE,30,crowd,1.12099639539e-06,1.31881928870e-06,1.176470588
SNOW_GOLEM,RARE,ANCIENT,0,normal,7.43727598872e-06,1.10694340297e-05,1.488372093
SNOW_GOLEM,RARE,ANCIENT,0,boss,7.43727598872e-06,1.10694340297e-05,1.488372093
SNOW_GOLEM,RARE,ANCIENT,0,crowd,2.83546147070e-05,4.22022172383e-05,1.488372093
SNOW_GOLEM,RARE,ANCIENT,30,normal,9.40901892526e-06,1.10694340297e-05,1.176470588
SNOW_GOLEM,RARE,ANCIENT,30,boss,9.40901892526e-06,1.10694340297e-05,1.176470588
SNOW_GOLEM,RARE,ANCIENT,30,crowd,3.58718846525e-05,4.22022172383e-05,1.176470588
SNOW_GOLEM,ANCIENT,RELIC,0,normal,0.000237992831639,0.000442777361189,1.860465116
SNOW_GOLEM,ANCIENT,RELIC,0,boss,0.000237992831639,0.000442777361189,1.860465116
SNOW_GOLEM,ANCIENT,RELIC,0,crowd,0.000907347670623,0.00146116529192,1.610369806
SNOW_GOLEM,ANCIENT,RELIC,30,normal,0.000301088605608,0.000442777361189,1.470588235
SNOW_GOLEM,ANCIENT,RELIC,30,boss,0.000301088605608,0.000442777361189,1.470588235
SNOW_GOLEM,ANCIENT,RELIC,30,crowd,0.00114790030888,0.00146116529192,1.272902604
SNOW_GOLEM,RELIC,NARRATIVE,0,normal,0.00951971326556,0.0155857631138,1.637209302
SNOW_GOLEM,RELIC,NARRATIVE,0,boss,0.00951971326556,0.0155857631138,1.637209302
SNOW_GOLEM,RELIC,NARRATIVE,0,crowd,0.0314150537763,0.0510079520089,1.623678647
SNOW_GOLEM,RELIC,NARRATIVE,30,normal,0.0120435442243,0.0155857631138,1.294117647
SNOW_GOLEM,RELIC,NARRATIVE,30,boss,0.0120435442243,0.0155857631138,1.294117647
SNOW_GOLEM,RELIC,NARRATIVE,30,crowd,0.0397436959403,0.0510079520089,1.283422460
SNOW_GOLEM,NARRATIVE,LEGENDARY,0,normal,0.335093906948,0.795724051339,2.374630021
SNOW_GOLEM,NARRATIVE,LEGENDARY,0,boss,0.335093906948,0.795724051339,2.374630021
SNOW_GOLEM,NARRATIVE,LEGENDARY,0,crowd,1.09667096819,2.49825613839,2.278036176
SNOW_GOLEM,NARRATIVE,LEGENDARY,30,normal,0.423932756696,0.795724051339,1.877005348
SNOW_GOLEM,NARRATIVE,LEGENDARY,30,boss,0.423932756696,0.795724051339,1.877005348
SNOW_GOLEM,NARRATIVE,LEGENDARY,30,crowd,1.38741629464,2.49825613839,1.800653595
SNOW_GOLEM,LEGENDARY,EPIC,0,normal,17.1080671038,37.1428571429,2.171072683
SNOW_GOLEM,LEGENDARY,EPIC,0,boss,17.1080671038,37.1428571429,2.171072683
SNOW_GOLEM,LEGENDARY,EPIC,0,crowd,53.7125069754,109.959542411,2.047186933
SNOW_GOLEM,LEGENDARY,EPIC,30,normal,21.6436941964,37.1428571429,1.716105246
SNOW_GOLEM,LEGENDARY,EPIC,30,boss,21.6436941964,37.1428571429,1.716105246
SNOW_GOLEM,LEGENDARY,EPIC,30,crowd,67.9525669643,109.959542411,1.618180848
SNOW_GOLEM,EPIC,MYTHIC,0,normal,798.571428571,1631.96428571,2.043604651
SNOW_GOLEM,EPIC,MYTHIC,0,boss,798.571428571,1631.96428571,2.043604651
SNOW_GOLEM,EPIC,MYTHIC,0,crowd,2364.13016183,4677.67857143,1.978604498
SNOW_GOLEM,EPIC,MYTHIC,30,normal,1010.28571429,1631.96428571,1.615349265
SNOW_GOLEM,EPIC,MYTHIC,30,boss,1010.28571429,1631.96428571,1.615349265
SNOW_GOLEM,EPIC,MYTHIC,30,crowd,2990.89955357,4677.67857143,1.563970467
SNOW_GOLEM,MYTHIC,PRIMORDIAL,0,normal,35087.2321429,73542.8571429,2.096000529
SNOW_GOLEM,MYTHIC,PRIMORDIAL,0,boss,35087.2321429,73542.8571429,2.096000529
SNOW_GOLEM,MYTHIC,PRIMORDIAL,0,crowd,100570.089286,198342.857143,1.972185354
SNOW_GOLEM,MYTHIC,PRIMORDIAL,30,normal,44389.4285714,73542.8571429,1.656765124
SNOW_GOLEM,MYTHIC,PRIMORDIAL,30,boss,44389.4285714,73542.8571429,1.656765124
SNOW_GOLEM,MYTHIC,PRIMORDIAL,30,crowd,127232.857143,198342.857143,1.558896511
SNOW_GOLEM,PRIMORDIAL,TRUE_PRIMORDIAL,0,normal,1581171.42857,7354285.71429,4.651162791
SNOW_GOLEM,PRIMORDIAL,TRUE_PRIMORDIAL,0,boss,1581171.42857,7354285.71429,4.651162791
SNOW_GOLEM,PRIMORDIAL,TRUE_PRIMORDIAL,0,crowd,4264371.42857,19834285.7143,4.651162791
SNOW_GOLEM,PRIMORDIAL,TRUE_PRIMORDIAL,30,normal,2000365.71429,7354285.71429,3.676470588
SNOW_GOLEM,PRIMORDIAL,TRUE_PRIMORDIAL,30,boss,2000365.71429,7354285.71429,3.676470588
SNOW_GOLEM,PRIMORDIAL,TRUE_PRIMORDIAL,30,crowd,5394925.71429,19834285.7143,3.676470588
SNOW_GOLEM,TRUE_PRIMORDIAL,MIRACLE,0,normal,158117142.857,835714285.714,5.285412262
SNOW_GOLEM,TRUE_PRIMORDIAL,MIRACLE,0,boss,158117142.857,835714285.714,5.285412262
SNOW_GOLEM,TRUE_PRIMORDIAL,MIRACLE,0,crowd,426437142.857,2250857142.86,5.278285864
SNOW_GOLEM,TRUE_PRIMORDIAL,MIRACLE,30,normal,200036571.429,835714285.714,4.177807487
SNOW_GOLEM,TRUE_PRIMORDIAL,MIRACLE,30,boss,200036571.429,835714285.714,4.177807487
SNOW_GOLEM,TRUE_PRIMORDIAL,MIRACLE,30,crowd,539492571.429,2250857142.86,4.172174488
GUARDIAN,COMMON,RARE,0,normal,2.81579559669e-07,4.19095158577e-07,1.488372093
GUARDIAN,COMMON,RARE,0,boss,2.81579559669e-07,4.19095158577e-07,1.488372093
GUARDIAN,COMMON,RARE,0,crowd,2.53421603702e-06,3.77185642719e-06,1.488372093
GUARDIAN,COMMON,RARE,30,normal,3.56230884790e-07,4.19095158577e-07,1.176470588
GUARDIAN,COMMON,RARE,30,boss,3.56230884790e-07,4.19095158577e-07,1.176470588
GUARDIAN,COMMON,RARE,30,crowd,3.20607796311e-06,3.77185642719e-06,1.176470588
GUARDIAN,RARE,ANCIENT,0,normal,9.01054590940e-06,1.34110450745e-05,1.488372093
GUARDIAN,RARE,ANCIENT,0,boss,9.01054590940e-06,1.34110450745e-05,1.488372093
GUARDIAN,RARE,ANCIENT,0,crowd,8.10949131846e-05,0.000120699405670,1.488372093
GUARDIAN,RARE,ANCIENT,30,normal,1.13993883133e-05,1.34110450745e-05,1.176470588
GUARDIAN,RARE,ANCIENT,30,boss,1.13993883133e-05,1.34110450745e-05,1.176470588
GUARDIAN,RARE,ANCIENT,30,crowd,0.000102594494820,0.000120699405670,1.176470588
GUARDIAN,ANCIENT,RELIC,0,normal,0.000288337469101,0.000490461077009,1.700996678
GUARDIAN,ANCIENT,RELIC,0,boss,0.000288337469101,0.000490461077009,1.700996678
GUARDIAN,ANCIENT,RELIC,0,crowd,0.00259503722191,0.00441414969308,1.700996678
GUARDIAN,ANCIENT,RELIC,30,normal,0.000364780426025,0.000490461077009,1.344537815
GUARDIAN,ANCIENT,RELIC,30,boss,0.000364780426025,0.000490461077009,1.344537815
GUARDIAN,ANCIENT,RELIC,30,crowd,0.00328302383423,0.00441414969308,1.344537815
GUARDIAN,RELIC,NARRATIVE,0,normal,0.0105449131557,0.0196184430804,1.860465116
GUARDIAN,RELIC,NARRATIVE,0,boss,0.0105449131557,0.0196184430804,1.860465116
GUARDIAN,RELIC,NARRATIVE,0,crowd,0.0949042184012,0.154495239258,1.627906977
GUARDIAN,RELIC,NARRATIVE,30,normal,0.0133405412946,0.0196184430804,1.470588235
GUARDIAN,RELIC,NARRATIVE,30,boss,0.0133405412946,0.0196184430804,1.470588235
GUARDIAN,RELIC,NARRATIVE,30,crowd,0.120064871652,0.154495239258,1.286764706
GUARDIAN,NARRATIVE,LEGENDARY,0,normal,0.421796526228,0.897739955357,2.128372093
GUARDIAN,NARRATIVE,LEGENDARY,0,boss,0.421796526228,0.897739955357,2.128372093
GUARDIAN,NARRATIVE,LEGENDARY,0,crowd,3.32164764404,6.00795200893,1.808726467
GUARDIAN,NARRATIVE,LEGENDARY,30,normal,0.533621651786,0.897739955357,1.682352941
GUARDIAN,NARRATIVE,LEGENDARY,30,boss,0.533621651786,0.897739955357,1.682352941
GUARDIAN,NARRATIVE,LEGENDARY,30,crowd,4.20227050781,6.00795200893,1.429691877
GUARDIAN,LEGENDARY,EPIC,0,normal,19.3014090402,41.7857142857,2.164904863
GUARDIAN,LEGENDARY,EPIC,0,boss,19.3014090402,41.7857142857,2.164904863
GUARDIAN,LEGENDARY,EPIC,0,crowd,129.170968192,243.180803571,1.882627397
GUARDIAN,LEGENDARY,EPIC,30,normal,24.4185267857,41.7857142857,1.711229947
GUARDIAN,LEGENDARY,EPIC,30,boss,24.4185267857,41.7857142857,1.711229947
GUARDIAN,LEGENDARY,EPIC,30,crowd,163.416294643,243.180803571,1.488106214
GUARDIAN,EPIC,MYTHIC,0,normal,898.392857143,1832.14285714,2.039355993
GUARDIAN,EPIC,MYTHIC,0,boss,898.392857143,1832.14285714,2.039355993
GUARDIAN,EPIC,MYTHIC,0,crowd,5228.38727679,9558.48214286,1.828189389
GUARDIAN,EPIC,MYTHIC,30,normal,1136.57142857,1832.14285714,1.611990950
GUARDIAN,EPIC,MYTHIC,30,boss,1136.57142857,1832.14285714,1.611990950
GUARDIAN,EPIC,MYTHIC,30,crowd,6614.51785714,9558.48214286,1.445076172
GUARDIAN,MYTHIC,PRIMORDIAL,0,normal,39391.0714286,135771.428571,3.446756426
GUARDIAN,MYTHIC,PRIMORDIAL,0,boss,39391.0714286,135771.428571,3.446756426
GUARDIAN,MYTHIC,PRIMORDIAL,0,crowd,205507.366071,402840.000000,1.960221707
GUARDIAN,MYTHIC,PRIMORDIAL,30,normal,49834.2857143,135771.428571,2.724458204
GUARDIAN,MYTHIC,PRIMORDIAL,30,boss,49834.2857143,135771.428571,2.724458204
GUARDIAN,MYTHIC,PRIMORDIAL,30,crowd,259990.714286,402840.000000,1.549439953
GUARDIAN,PRIMORDIAL,TRUE_PRIMORDIAL,0,normal,2919085.71429,13577142.8571,4.651162791
GUARDIAN,PRIMORDIAL,TRUE_PRIMORDIAL,0,boss,2919085.71429,13577142.8571,4.651162791
GUARDIAN,PRIMORDIAL,TRUE_PRIMORDIAL,0,crowd,8661060.00000,40284000.0000,4.651162791
GUARDIAN,PRIMORDIAL,TRUE_PRIMORDIAL,30,normal,3692982.85714,13577142.8571,3.676470588
GUARDIAN,PRIMORDIAL,TRUE_PRIMORDIAL,30,boss,3692982.85714,13577142.8571,3.676470588
GUARDIAN,PRIMORDIAL,TRUE_PRIMORDIAL,30,crowd,10957248.0000,40284000.0000,3.676470588
GUARDIAN,TRUE_PRIMORDIAL,MIRACLE,0,normal,291908571.429,1542857142.86,5.285412262
GUARDIAN,TRUE_PRIMORDIAL,MIRACLE,0,boss,291908571.429,1542857142.86,5.285412262
GUARDIAN,TRUE_PRIMORDIAL,MIRACLE,0,crowd,866106000.000,4316142857.14,4.983388704
GUARDIAN,TRUE_PRIMORDIAL,MIRACLE,30,normal,369298285.714,1542857142.86,4.177807487
GUARDIAN,TRUE_PRIMORDIAL,MIRACLE,30,boss,369298285.714,1542857142.86,4.177807487
GUARDIAN,TRUE_PRIMORDIAL,MIRACLE,30,crowd,1095724800.00,4316142857.14,3.939075630
BLAZE,COMMON,RARE,0,normal,1.87719706446e-07,2.79396772385e-07,1.488372093
BLAZE,COMMON,RARE,0,boss,1.87719706446e-07,2.79396772385e-07,1.488372093
BLAZE,COMMON,RARE,0,crowd,1.90066202777e-06,2.82889232039e-06,1.488372093
BLAZE,COMMON,RARE,30,normal,2.37487256527e-07,2.79396772385e-07,1.176470588
BLAZE,COMMON,RARE,30,boss,2.37487256527e-07,2.79396772385e-07,1.176470588
BLAZE,COMMON,RARE,30,crowd,2.40455847234e-06,2.82889232039e-06,1.176470588
BLAZE,RARE,ANCIENT,0,normal,6.00703060627e-06,8.94069671631e-06,1.488372093
BLAZE,RARE,ANCIENT,0,boss,6.00703060627e-06,8.94069671631e-06,1.488372093
BLAZE,RARE,ANCIENT,0,crowd,6.08211848885e-05,9.05245542526e-05,1.488372093
BLAZE,RARE,ANCIENT,30,normal,7.59959220886e-06,8.94069671631e-06,1.176470588
BLAZE,RARE,ANCIENT,30,boss,7.59959220886e-06,8.94069671631e-06,1.176470588
BLAZE,RARE,ANCIENT,30,crowd,7.69458711147e-05,9.05245542526e-05,1.176470588
BLAZE,ANCIENT,RELIC,0,normal,0.000192224979401,0.000326974051339,1.700996678
BLAZE,ANCIENT,RELIC,0,boss,0.000192224979401,0.000326974051339,1.700996678
BLAZE,ANCIENT,RELIC,0,crowd,0.00194627791643,0.00327995845250,1.685246709
BLAZE,ANCIENT,RELIC,30,normal,0.000243186950684,0.000326974051339,1.344537815
BLAZE,ANCIENT,RELIC,30,boss,0.000243186950684,0.000326974051339,1.344537815
BLAZE,ANCIENT,RELIC,30,crowd,0.00246226787567,0.00327995845250,1.332088391
BLAZE,RELIC,NARRATIVE,0,normal,0.00702994210379,0.0117710658482,1.674418605
BLAZE,RELIC,NARRATIVE,0,boss,0.00702994210379,0.0117710658482,1.674418605
BLAZE,RELIC,NARRATIVE,0,crowd,0.0705191067287,0.116402762277,1.650655655
BLAZE,RELIC,NARRATIVE,30,normal,0.00889369419643,0.0117710658482,1.323529412
BLAZE,RELIC,NARRATIVE,30,boss,0.00889369419643,0.0117710658482,1.323529412
BLAZE,RELIC,NARRATIVE,30,crowd,0.0892148699079,0.116402762277,1.304746198
BLAZE,NARRATIVE,LEGENDARY,0,normal,0.253077915737,0.460379464286,1.819121447
BLAZE,NARRATIVE,LEGENDARY,0,boss,0.253077915737,0.460379464286,1.819121447
BLAZE,NARRATIVE,LEGENDARY,0,crowd,2.50265938895,4.77120535714,1.906454142
BLAZE,NARRATIVE,LEGENDARY,30,normal,0.320172991071,0.460379464286,1.437908497
BLAZE,NARRATIVE,LEGENDARY,30,boss,0.320172991071,0.460379464286,1.437908497
BLAZE,NARRATIVE,LEGENDARY,30,crowd,3.16615513393,4.77120535714,1.506939855
BLAZE,LEGENDARY,EPIC,0,normal,9.89815848214,17.4107142857,1.758985201
BLAZE,LEGENDARY,EPIC,0,boss,9.89815848214,17.4107142857,1.758985201
BLAZE,LEGENDARY,EPIC,0,crowd,102.580915179,246.763392857,2.405548756
BLAZE,LEGENDARY,EPIC,30,normal,12.5223214286,17.4107142857,1.390374332
BLAZE,LEGENDARY,EPIC,30,boss,12.5223214286,17.4107142857,1.390374332
BLAZE,LEGENDARY,EPIC,30,crowd,129.776785714,246.763392857,1.901444788
BLAZE,EPIC,MYTHIC,0,normal,374.330357143,685.714285714,1.831842576
BLAZE,EPIC,MYTHIC,0,boss,374.330357143,685.714285714,1.831842576
BLAZE,EPIC,MYTHIC,0,crowd,5305.41294643,9621.42857143,1.813511723
BLAZE,EPIC,MYTHIC,30,normal,473.571428571,685.714285714,1.447963801
BLAZE,EPIC,MYTHIC,30,boss,473.571428571,685.714285714,1.447963801
BLAZE,EPIC,MYTHIC,30,crowd,6711.96428571,9621.42857143,1.433474340
BLAZE,MYTHIC,PRIMORDIAL,0,normal,14742.8571429,27428.5714286,1.860465116
BLAZE,MYTHIC,PRIMORDIAL,0,boss,14742.8571429,27428.5714286,1.860465116
BLAZE,MYTHIC,PRIMORDIAL,0,crowd,206860.714286,444514.285714,2.148857927
BLAZE,MYTHIC,PRIMORDIAL,30,normal,18651.4285714,27428.5714286,1.470588235
BLAZE,MYTHIC,PRIMORDIAL,30,boss,18651.4285714,27428.5714286,1.470588235
BLAZE,MYTHIC,PRIMORDIAL,30,crowd,261702.857143,444514.285714,1.698545788
BLAZE,PRIMORDIAL,TRUE_PRIMORDIAL,0,normal,589714.285714,2742857.14286,4.651162791
BLAZE,PRIMORDIAL,TRUE_PRIMORDIAL,0,boss,589714.285714,2742857.14286,4.651162791
BLAZE,PRIMORDIAL,TRUE_PRIMORDIAL,0,crowd,9557057.14286,44451428.5714,4.651162791
BLAZE,PRIMORDIAL,TRUE_PRIMORDIAL,30,normal,746057.142857,2742857.14286,3.676470588
BLAZE,PRIMORDIAL,TRUE_PRIMORDIAL,30,boss,746057.142857,2742857.14286,3.676470588
BLAZE,PRIMORDIAL,TRUE_PRIMORDIAL,30,crowd,12090788.5714,44451428.5714,3.676470588
BLAZE,TRUE_PRIMORDIAL,MIRACLE,0,normal,58971428.5714,274285714.286,4.651162791
BLAZE,TRUE_PRIMORDIAL,MIRACLE,0,boss,58971428.5714,274285714.286,4.651162791
BLAZE,TRUE_PRIMORDIAL,MIRACLE,0,crowd,955705714.286,5574857142.86,5.833236173
BLAZE,TRUE_PRIMORDIAL,MIRACLE,30,normal,74605714.2857,274285714.286,3.676470588
BLAZE,TRUE_PRIMORDIAL,MIRACLE,30,boss,74605714.2857,274285714.286,3.676470588
BLAZE,TRUE_PRIMORDIAL,MIRACLE,30,crowd,1209078857.14,5574857142.86,4.610830063
GHAST,COMMON,RARE,0,normal,2.01128256906e-07,2.99353684698e-07,1.488372093
GHAST,COMMON,RARE,0,boss,2.01128256906e-07,2.99353684698e-07,1.488372093
GHAST,COMMON,RARE,0,crowd,1.98614153695e-06,2.95611763639e-06,1.488372093
GHAST,COMMON,RARE,30,normal,2.54450631993e-07,2.99353684698e-07,1.176470588
GHAST,COMMON,RARE,30,boss,2.54450631993e-07,2.99353684698e-07,1.176470588
GHAST,COMMON,RARE,30,crowd,2.51269999093e-06,2.95611763639e-06,1.176470588
GHAST,RARE,ANCIENT,0,normal,6.43610422100e-06,9.57931791033e-06,1.488372093
GHAST,RARE,ANCIENT,0,boss,6.43610422100e-06,9.57931791033e-06,1.488372093
GHAST,RARE,ANCIENT,0,crowd,6.35565291824e-05,9.45957643645e-05,1.488372093
GHAST,RARE,ANCIENT,30,normal,8.14242022378e-06,9.57931791033e-06,1.176470588
GHAST,RARE,ANCIENT,30,boss,8.14242022378e-06,9.57931791033e-06,1.176470588
GHAST,RARE,ANCIENT,30,crowd,8.04063997098e-05,9.45957643645e-05,1.176470588
GHAST,ANCIENT,RELIC,0,normal,0.000205955335072,0.000367845807757,1.786046512
GHAST,ANCIENT,RELIC,0,boss,0.000205955335072,0.000367845807757,1.786046512
GHAST,ANCIENT,RELIC,0,crowd,0.00203380893384,0.00372443880354,1.831262879
GHAST,ANCIENT,RELIC,30,normal,0.000260557447161,0.000367845807757,1.411764706
GHAST,ANCIENT,RELIC,30,boss,0.000260557447161,0.000367845807757,1.411764706
GHAST,ANCIENT,RELIC,30,crowd,0.00257300479071,0.00372443880354,1.447505585
GHAST,RELIC,NARRATIVE,0,normal,0.00790868486677,0.0137329101563,1.736434109
GHAST,RELIC,NARRATIVE,0,boss,0.00790868486677,0.0137329101563,1.736434109
GHAST,RELIC,NARRATIVE,0,crowd,0.0800754342760,0.137574332101,1.718059144
GHAST,RELIC,NARRATIVE,30,normal,0.0100054059710,0.0137329101563,1.372549020
GHAST,RELIC,NARRATIVE,30,boss,0.0100054059710,0.0137329101563,1.372549020
GHAST,RELIC,NARRATIVE,30,crowd,0.101304735456,0.137574332101,1.358024691
GHAST,NARRATIVE,LEGENDARY,0,normal,0.295257568359,0.565011160714,1.913621262
GHAST,NARRATIVE,LEGENDARY,0,boss,0.295257568359,0.565011160714,1.913621262
GHAST,NARRATIVE,LEGENDARY,0,crowd,2.95784814017,6.90569196429,2.334701322
GHAST,NARRATIVE,LEGENDARY,30,normal,0.373535156250,0.565011160714,1.512605042
GHAST,NARRATIVE,LEGENDARY,30,boss,0.373535156250,0.565011160714,1.512605042
GHAST,NARRATIVE,LEGENDARY,30,crowd,3.74202183315,6.90569196429,1.845444060
GHAST,LEGENDARY,EPIC,0,normal,12.1477399554,28.1250000000,2.315245478
GHAST,LEGENDARY,EPIC,0,boss,12.1477399554,28.1250000000,2.315245478
GHAST,LEGENDARY,EPIC,0,crowd,148.472377232,229.520089286,1.545877378
GHAST,LEGENDARY,EPIC,30,normal,15.3683035714,28.1250000000,1.830065359
GHAST,LEGENDARY,EPIC,30,boss,15.3683035714,28.1250000000,1.830065359
GHAST,LEGENDARY,EPIC,30,crowd,187.834821429,229.520089286,1.221925134
GHAST,EPIC,MYTHIC,0,normal,604.687500000,1285.71428571,2.126245847
GHAST,EPIC,MYTHIC,0,boss,604.687500000,1285.71428571,2.126245847
GHAST,EPIC,MYTHIC,0,crowd,4934.68191964,9136.60714286,1.851508829
GHAST,EPIC,MYTHIC,30,normal,765.000000000,1285.71428571,1.680672269
GHAST,EPIC,MYTHIC,30,boss,765.000000000,1285.71428571,1.680672269
GHAST,EPIC,MYTHIC,30,crowd,6242.94642857,9136.60714286,1.463508817
GHAST,MYTHIC,PRIMORDIAL,0,normal,27642.8571429,55542.8571429,2.009302326
GHAST,MYTHIC,PRIMORDIAL,0,boss,27642.8571429,55542.8571429,2.009302326
GHAST,MYTHIC,PRIMORDIAL,0,crowd,196437.053571,467228.571429,2.378515473
GHAST,MYTHIC,PRIMORDIAL,30,normal,34971.4285714,55542.8571429,1.588235294
GHAST,MYTHIC,PRIMORDIAL,30,boss,34971.4285714,55542.8571429,1.588235294
GHAST,MYTHIC,PRIMORDIAL,30,crowd,248515.714286,467228.571429,1.880076569
GHAST,PRIMORDIAL,TRUE_PRIMORDIAL,0,normal,1194171.42857,5554285.71429,4.651162791
GHAST,PRIMORDIAL,TRUE_PRIMORDIAL,0,boss,1194171.42857,5554285.71429,4.651162791
GHAST,PRIMORDIAL,TRUE_PRIMORDIAL,0,crowd,10045414.2857,46722857.1429,4.651162791
GHAST,PRIMORDIAL,TRUE_PRIMORDIAL,30,normal,1510765.71429,5554285.71429,3.676470588
GHAST,PRIMORDIAL,TRUE_PRIMORDIAL,30,boss,1510765.71429,5554285.71429,3.676470588
GHAST,PRIMORDIAL,TRUE_PRIMORDIAL,30,crowd,12708617.1429,46722857.1429,3.676470588
GHAST,TRUE_PRIMORDIAL,MIRACLE,0,normal,119417142.857,555428571.429,4.651162791
GHAST,TRUE_PRIMORDIAL,MIRACLE,0,boss,119417142.857,555428571.429,4.651162791
GHAST,TRUE_PRIMORDIAL,MIRACLE,0,crowd,1004541428.57,4767428571.43,4.745875517
GHAST,TRUE_PRIMORDIAL,MIRACLE,30,normal,151076571.429,555428571.429,3.676470588
GHAST,TRUE_PRIMORDIAL,MIRACLE,30,boss,151076571.429,555428571.429,3.676470588
GHAST,TRUE_PRIMORDIAL,MIRACLE,30,crowd,1270861714.29,4767428571.43,3.751335427
WITHER_SKELETON,COMMON,RARE,0,normal,1.75205059350e-07,2.60770320892e-07,1.488372093
WITHER_SKELETON,COMMON,RARE,0,boss,1.75205059350e-07,2.60770320892e-07,1.488372093
WITHER_SKELETON,COMMON,RARE,0,crowd,2.30269506574e-06,3.42726707458e-06,1.488372093
WITHER_SKELETON,COMMON,RARE,30,normal,2.21654772758e-07,2.60770320892e-07,1.176470588
WITHER_SKELETON,COMMON,RARE,30,boss,2.21654772758e-07,2.60770320892e-07,1.176470588
WITHER_SKELETON,COMMON,RARE,30,crowd,2.91317701340e-06,3.42726707458e-06,1.176470588
WITHER_SKELETON,RARE,ANCIENT,0,normal,5.60656189919e-06,8.34465026855e-06,1.488372093
WITHER_SKELETON,RARE,ANCIENT,0,boss,5.60656189919e-06,8.34465026855e-06,1.488372093
WITHER_SKELETON,RARE,ANCIENT,0,crowd,7.36862421036e-05,0.000109672546387,1.488372093
WITHER_SKELETON,RARE,ANCIENT,30,normal,7.09295272827e-06,8.34465026855e-06,1.176470588
WITHER_SKELETON,RARE,ANCIENT,30,boss,7.09295272827e-06,8.34465026855e-06,1.176470588
WITHER_SKELETON,RARE,ANCIENT,30,crowd,9.32216644287e-05,0.000109672546387,1.176470588
WITHER_SKELETON,ANCIENT,RELIC,0,normal,0.000179409980774,0.000343322753906,1.913621262
WITHER_SKELETON,ANCIENT,RELIC,0,boss,0.000179409980774,0.000343322753906,1.913621262
WITHER_SKELETON,ANCIENT,RELIC,0,crowd,0.00235795974731,0.00391006469727,1.658240647
WITHER_SKELETON,ANCIENT,RELIC,30,normal,0.000226974487305,0.000343322753906,1.512605042
WITHER_SKELETON,ANCIENT,RELIC,30,boss,0.000226974487305,0.000343322753906,1.512605042
WITHER_SKELETON,ANCIENT,RELIC,30,crowd,0.00298309326172,0.00391006469727,1.310741688
WITHER_SKELETON,RELIC,NARRATIVE,0,normal,0.00738143920898,0.0122070312500,1.653746770
WITHER_SKELETON,RELIC,NARRATIVE,0,boss,0.00738143920898,0.0122070312500,1.653746770
WITHER_SKELETON,RELIC,NARRATIVE,0,crowd,0.0840663909912,0.135040283203,1.606352808
WITHER_SKELETON,RELIC,NARRATIVE,30,normal,0.00933837890625,0.0122070312500,1.307189542
WITHER_SKELETON,RELIC,NARRATIVE,30,boss,0.00933837890625,0.0122070312500,1.307189542
WITHER_SKELETON,RELIC,NARRATIVE,30,crowd,0.106353759766,0.135040283203,1.269727403
WITHER_SKELETON,NARRATIVE,LEGENDARY,0,normal,0.262451171875,0.468750000000,1.786046512
WITHER_SKELETON,NARRATIVE,LEGENDARY,0,boss,0.262451171875,0.468750000000,1.786046512
WITHER_SKELETON,NARRATIVE,LEGENDARY,0,crowd,2.90336608887,5.03906250000,1.735593220
WITHER_SKELETON,NARRATIVE,LEGENDARY,30,normal,0.332031250000,0.468750000000,1.411764706
WITHER_SKELETON,NARRATIVE,LEGENDARY,30,boss,0.332031250000,0.468750000000,1.411764706
WITHER_SKELETON,NARRATIVE,LEGENDARY,30,crowd,3.67309570313,5.03906250000,1.371884347
WITHER_SKELETON,LEGENDARY,EPIC,0,normal,10.0781250000,17.5000000000,1.736434109
WITHER_SKELETON,LEGENDARY,EPIC,0,boss,10.0781250000,17.5000000000,1.736434109
WITHER_SKELETON,LEGENDARY,EPIC,0,crowd,108.339843750,292.656250000,2.701279971
WITHER_SKELETON,LEGENDARY,EPIC,30,normal,12.7500000000,17.5000000000,1.372549020
WITHER_SKELETON,LEGENDARY,EPIC,30,boss,12.7500000000,17.5000000000,1.372549020
WITHER_SKELETON,LEGENDARY,EPIC,30,crowd,137.062500000,292.656250000,2.135202918
WITHER_SKELETON,EPIC,MYTHIC,0,normal,376.250000000,720.000000000,1.913621262
WITHER_SKELETON,EPIC,MYTHIC,0,boss,376.250000000,720.000000000,1.913621262
WITHER_SKELETON,EPIC,MYTHIC,0,crowd,6292.10937500,11360.0000000,1.805435876
WITHER_SKELETON,EPIC,MYTHIC,30,normal,476.000000000,720.000000000,1.512605042
WITHER_SKELETON,EPIC,MYTHIC,30,boss,476.000000000,720.000000000,1.512605042
WITHER_SKELETON,EPIC,MYTHIC,30,crowd,7960.25000000,11360.0000000,1.427090858
WITHER_SKELETON,MYTHIC,PRIMORDIAL,0,normal,15480.0000000,28160.0000000,1.819121447
WITHER_SKELETON,MYTHIC,PRIMORDIAL,0,boss,15480.0000000,28160.0000000,1.819121447
WITHER_SKELETON,MYTHIC,PRIMORDIAL,0,crowd,244240.000000,421920.000000,1.727481166
WITHER_SKELETON,MYTHIC,PRIMORDIAL,30,normal,19584.0000000,28160.0000000,1.437908497
WITHER_SKELETON,MYTHIC,PRIMORDIAL,30,boss,19584.0000000,28160.0000000,1.437908497
WITHER_SKELETON,MYTHIC,PRIMORDIAL,30,crowd,308992.000000,421920.000000,1.365472245
WITHER_SKELETON,PRIMORDIAL,TRUE_PRIMORDIAL,0,normal,605440.000000,2816000.00000,4.651162791
WITHER_SKELETON,PRIMORDIAL,TRUE_PRIMORDIAL,0,boss,605440.000000,2816000.00000,4.651162791
WITHER_SKELETON,PRIMORDIAL,TRUE_PRIMORDIAL,0,crowd,9071280.00000,42192000.0000,4.651162791
WITHER_SKELETON,PRIMORDIAL,TRUE_PRIMORDIAL,30,normal,765952.000000,2816000.00000,3.676470588
WITHER_SKELETON,PRIMORDIAL,TRUE_PRIMORDIAL,30,boss,765952.000000,2816000.00000,3.676470588
WITHER_SKELETON,PRIMORDIAL,TRUE_PRIMORDIAL,30,crowd,11476224.0000,42192000.0000,3.676470588
WITHER_SKELETON,TRUE_PRIMORDIAL,MIRACLE,0,normal,60544000.0000,281600000.000,4.651162791
WITHER_SKELETON,TRUE_PRIMORDIAL,MIRACLE,0,boss,60544000.0000,281600000.000,4.651162791
WITHER_SKELETON,TRUE_PRIMORDIAL,MIRACLE,0,crowd,907128000.000,5180800000.00,5.711211648
WITHER_SKELETON,TRUE_PRIMORDIAL,MIRACLE,30,normal,76595200.0000,281600000.000,3.676470588
WITHER_SKELETON,TRUE_PRIMORDIAL,MIRACLE,30,boss,76595200.0000,281600000.000,3.676470588
WITHER_SKELETON,TRUE_PRIMORDIAL,MIRACLE,30,crowd,1147622400.00,5180800000.00,4.514376854
WARDEN,COMMON,RARE,0,normal,2.14536807367e-07,3.19310597011e-07,1.488372093
WARDEN,COMMON,RARE,0,boss,2.14536807367e-07,3.19310597011e-07,1.488372093
WARDEN,COMMON,RARE,0,crowd,3.15100935820e-06,4.68987439360e-06,1.488372093
WARDEN,COMMON,RARE,30,normal,2.71414007459e-07,3.19310597011e-07,1.176470588
WARDEN,COMMON,RARE,30,boss,2.71414007459e-07,3.19310597011e-07,1.176470588
WARDEN,COMMON,RARE,30,crowd,3.98639323456e-06,4.68987439360e-06,1.176470588
WARDEN,RARE,ANCIENT,0,normal,6.86517783574e-06,1.02179391044e-05,1.488372093
WARDEN,RARE,ANCIENT,0,boss,6.86517783574e-06,1.02179391044e-05,1.488372093
WARDEN,RARE,ANCIENT,0,crowd,0.000100832299462,0.000150075980595,1.488372093
WARDEN,RARE,ANCIENT,30,normal,8.68524823870e-06,1.02179391044e-05,1.176470588
WARDEN,RARE,ANCIENT,30,boss,8.68524823870e-06,1.02179391044e-05,1.176470588
WARDEN,RARE,ANCIENT,30,crowd,0.000127564583506,0.000150075980595,1.176470588
WARDEN,ANCIENT,RELIC,0,normal,0.000219685690744,0.000408717564174,1.860465116
WARDEN,ANCIENT,RELIC,0,boss,0.000219685690744,0.000408717564174,1.860465116
WARDEN,ANCIENT,RELIC,0,crowd,0.00322663358280,0.00548703329904,1.700544285
WARDEN,ANCIENT,RELIC,30,normal,0.000277927943638,0.000408717564174,1.470588235
WARDEN,ANCIENT,RELIC,30,boss,0.000277927943638,0.000408717564174,1.470588235
WARDEN,ANCIENT,RELIC,30,crowd,0.00408206667219,0.00548703329904,1.344180225
WARDEN,RELIC,NARRATIVE,0,normal,0.00878742762974,0.0130789620536,1.488372093
WARDEN,RELIC,NARRATIVE,0,boss,0.00878742762974,0.0130789620536,1.488372093
WARDEN,RELIC,NARRATIVE,0,crowd,0.117971215929,0.190625871931,1.615867654
WARDEN,RELIC,NARRATIVE,30,normal,0.0111171177455,0.0130789620536,1.176470588
WARDEN,RELIC,NARRATIVE,30,boss,0.0111171177455,0.0130789620536,1.176470588
WARDEN,RELIC,NARRATIVE,30,crowd,0.149247305734,0.190625871931,1.277248329
WARDEN,NARRATIVE,LEGENDARY,0,normal,0.281197684152,0.502232142857,1.786046512
WARDEN,NARRATIVE,LEGENDARY,0,boss,0.281197684152,0.502232142857,1.786046512
WARDEN,NARRATIVE,LEGENDARY,0,crowd,4.09845624651,6.87430245536,1.677290678
WARDEN,NARRATIVE,LEGENDARY,30,normal,0.355747767857,0.502232142857,1.411764706
WARDEN,NARRATIVE,LEGENDARY,30,boss,0.355747767857,0.502232142857,1.411764706
WARDEN,NARRATIVE,LEGENDARY,30,crowd,5.18502371652,6.87430245536,1.325799617
WARDEN,LEGENDARY,EPIC,0,normal,10.7979910714,18.7500000000,1.736434109
WARDEN,LEGENDARY,EPIC,0,boss,10.7979910714,18.7500000000,1.736434109
WARDEN,LEGENDARY,EPIC,0,crowd,147.797502790,307.031250000,2.077377792
WARDEN,LEGENDARY,EPIC,30,normal,13.6607142857,18.7500000000,1.372549020
WARDEN,LEGENDARY,EPIC,30,boss,13.6607142857,18.7500000000,1.372549020
WARDEN,LEGENDARY,EPIC,30,crowd,186.981026786,307.031250000,1.642044946
WARDEN,EPIC,MYTHIC,0,normal,403.125000000,771.428571429,1.913621262
WARDEN,EPIC,MYTHIC,0,boss,403.125000000,771.428571429,1.913621262
WARDEN,EPIC,MYTHIC,0,crowd,6601.17187500,14571.4285714,2.207400269
WARDEN,EPIC,MYTHIC,30,normal,510.000000000,771.428571429,1.512605042
WARDEN,EPIC,MYTHIC,30,boss,510.000000000,771.428571429,1.512605042
WARDEN,EPIC,MYTHIC,30,crowd,8351.25000000,14571.4285714,1.744820065
WARDEN,MYTHIC,PRIMORDIAL,0,normal,16585.7142857,49371.4285714,2.976744186
WARDEN,MYTHIC,PRIMORDIAL,0,boss,16585.7142857,49371.4285714,2.976744186
WARDEN,MYTHIC,PRIMORDIAL,0,crowd,313285.714286,528685.714286,1.687551300
WARDEN,MYTHIC,PRIMORDIAL,30,normal,20982.8571429,49371.4285714,2.352941176
WARDEN,MYTHIC,PRIMORDIAL,30,boss,20982.8571429,49371.4285714,2.352941176
WARDEN,MYTHIC,PRIMORDIAL,30,crowd,396342.857143,528685.714286,1.333910035
WARDEN,PRIMORDIAL,TRUE_PRIMORDIAL,0,normal,1061485.71429,4937142.85714,4.651162791
WARDEN,PRIMORDIAL,TRUE_PRIMORDIAL,0,boss,1061485.71429,4937142.85714,4.651162791
WARDEN,PRIMORDIAL,TRUE_PRIMORDIAL,0,crowd,11366742.8571,52868571.4286,4.651162791
WARDEN,PRIMORDIAL,TRUE_PRIMORDIAL,30,normal,1342902.85714,4937142.85714,3.676470588
WARDEN,PRIMORDIAL,TRUE_PRIMORDIAL,30,boss,1342902.85714,4937142.85714,3.676470588
WARDEN,PRIMORDIAL,TRUE_PRIMORDIAL,30,crowd,14380251.4286,52868571.4286,3.676470588
WARDEN,TRUE_PRIMORDIAL,MIRACLE,0,normal,106148571.429,493714285.714,4.651162791
WARDEN,TRUE_PRIMORDIAL,MIRACLE,0,boss,106148571.429,493714285.714,4.651162791
WARDEN,TRUE_PRIMORDIAL,MIRACLE,0,crowd,1136674285.71,5561142857.14,4.892468253
WARDEN,TRUE_PRIMORDIAL,MIRACLE,30,normal,134290285.714,493714285.714,3.676470588
WARDEN,TRUE_PRIMORDIAL,MIRACLE,30,boss,134290285.714,493714285.714,3.676470588
WARDEN,TRUE_PRIMORDIAL,MIRACLE,30,crowd,1438025142.86,5561142857.14,3.867208362
EVOKER,COMMON,RARE,0,normal,2.57444168840e-07,3.83172716413e-07,1.488372093
EVOKER,COMMON,RARE,0,boss,2.57444168840e-07,3.83172716413e-07,1.488372093
EVOKER,COMMON,RARE,0,crowd,2.70316377282e-06,4.02331352234e-06,1.488372093
EVOKER,COMMON,RARE,30,normal,3.25696808951e-07,3.83172716413e-07,1.176470588
EVOKER,COMMON,RARE,30,boss,3.25696808951e-07,3.83172716413e-07,1.176470588
EVOKER,COMMON,RARE,30,crowd,3.41981649399e-06,4.02331352234e-06,1.176470588
EVOKER,RARE,ANCIENT,0,normal,8.23821340288e-06,1.22615269252e-05,1.488372093
EVOKER,RARE,ANCIENT,0,boss,8.23821340288e-06,1.22615269252e-05,1.488372093
EVOKER,RARE,ANCIENT,0,crowd,8.65012407303e-05,0.000128746032715,1.488372093
EVOKER,RARE,ANCIENT,30,normal,1.04222978864e-05,1.22615269252e-05,1.176470588
EVOKER,RARE,ANCIENT,30,boss,1.04222978864e-05,1.22615269252e-05,1.176470588
EVOKER,RARE,ANCIENT,30,crowd,0.000109434127808,0.000128746032715,1.176470588
EVOKER,ANCIENT,RELIC,0,normal,0.000263622828892,0.000490461077009,1.860465116
EVOKER,ANCIENT,RELIC,0,boss,0.000263622828892,0.000490461077009,1.860465116
EVOKER,ANCIENT,RELIC,0,crowd,0.00276803970337,0.00456128801618,1.647840532
EVOKER,ANCIENT,RELIC,30,normal,0.000333513532366,0.000490461077009,1.470588235
EVOKER,ANCIENT,RELIC,30,boss,0.000333513532366,0.000490461077009,1.470588235
EVOKER,ANCIENT,RELIC,30,crowd,0.00350189208984,0.00456128801618,1.302521008
EVOKER,RELIC,NARRATIVE,0,normal,0.0105449131557,0.0172642299107,1.637209302
EVOKER,RELIC,NARRATIVE,0,boss,0.0105449131557,0.0172642299107,1.637209302
EVOKER,RELIC,NARRATIVE,0,crowd,0.0980676923479,0.164794921875,1.680420105
EVOKER,RELIC,NARRATIVE,30,normal,0.0133405412946,0.0172642299107,1.294117647
EVOKER,RELIC,NARRATIVE,30,boss,0.0133405412946,0.0172642299107,1.294117647
EVOKER,RELIC,NARRATIVE,30,crowd,0.124067034040,0.164794921875,1.328273245
EVOKER,NARRATIVE,LEGENDARY,0,normal,0.371180943080,0.652901785714,1.758985201
EVOKER,NARRATIVE,LEGENDARY,0,boss,0.371180943080,0.652901785714,1.758985201
EVOKER,NARRATIVE,LEGENDARY,0,crowd,3.54309082031,7.65904017857,2.161683278
EVOKER,NARRATIVE,LEGENDARY,30,normal,0.469587053571,0.652901785714,1.390374332
EVOKER,NARRATIVE,LEGENDARY,30,boss,0.469587053571,0.652901785714,1.390374332
EVOKER,NARRATIVE,LEGENDARY,30,crowd,4.48242187500,7.65904017857,1.708683473
EVOKER,LEGENDARY,EPIC,0,normal,14.0373883929,24.1071428571,1.717352415
EVOKER,LEGENDARY,EPIC,0,boss,14.0373883929,24.1071428571,1.717352415
EVOKER,LEGENDARY,EPIC,0,crowd,164.669363839,354.575892857,2.153259626
EVOKER,LEGENDARY,EPIC,30,normal,17.7589285714,24.1071428571,1.357466063
EVOKER,LEGENDARY,EPIC,30,boss,17.7589285714,24.1071428571,1.357466063
EVOKER,LEGENDARY,EPIC,30,crowd,208.325892857,354.575892857,1.702025072
EVOKER,EPIC,MYTHIC,0,normal,518.303571429,977.142857143,1.885271318
EVOKER,EPIC,MYTHIC,0,boss,518.303571429,977.142857143,1.885271318
EVOKER,EPIC,MYTHIC,0,crowd,7623.38169643,16200.0000000,2.125041175
EVOKER,EPIC,MYTHIC,30,normal,655.714285714,977.142857143,1.490196078
EVOKER,EPIC,MYTHIC,30,boss,655.714285714,977.142857143,1.490196078
EVOKER,EPIC,MYTHIC,30,crowd,9644.46428571,16200.0000000,1.679720047
EVOKER,MYTHIC,PRIMORDIAL,0,normal,21008.5714286,37851.4285714,1.801713586
EVOKER,MYTHIC,PRIMORDIAL,0,boss,21008.5714286,37851.4285714,1.801713586
EVOKER,MYTHIC,PRIMORDIAL,0,crowd,348300.000000,691200.000000,1.984496124
EVOKER,MYTHIC,PRIMORDIAL,30,normal,26578.2857143,37851.4285714,1.424148607
EVOKER,MYTHIC,PRIMORDIAL,30,boss,26578.2857143,37851.4285714,1.424148607
EVOKER,MYTHIC,PRIMORDIAL,30,crowd,440640.000000,691200.000000,1.568627451
EVOKER,PRIMORDIAL,TRUE_PRIMORDIAL,0,normal,813805.714286,3785142.85714,4.651162791
EVOKER,PRIMORDIAL,TRUE_PRIMORDIAL,0,boss,813805.714286,3785142.85714,4.651162791
EVOKER,PRIMORDIAL,TRUE_PRIMORDIAL,0,crowd,14860800.0000,69120000.0000,4.651162791
EVOKER,PRIMORDIAL,TRUE_PRIMORDIAL,30,normal,1029558.85714,3785142.85714,3.676470588
EVOKER,PRIMORDIAL,TRUE_PRIMORDIAL,30,boss,1029558.85714,3785142.85714,3.676470588
EVOKER,PRIMORDIAL,TRUE_PRIMORDIAL,30,crowd,18800640.0000,69120000.0000,3.676470588
EVOKER,TRUE_PRIMORDIAL,MIRACLE,0,normal,81380571.4286,378514285.714,4.651162791
EVOKER,TRUE_PRIMORDIAL,MIRACLE,0,boss,81380571.4286,378514285.714,4.651162791
EVOKER,TRUE_PRIMORDIAL,MIRACLE,0,crowd,1486080000.00,7899428571.43,5.315614618
EVOKER,TRUE_PRIMORDIAL,MIRACLE,30,normal,102955885.714,378514285.714,3.676470588
EVOKER,TRUE_PRIMORDIAL,MIRACLE,30,boss,102955885.714,378514285.714,3.676470588
EVOKER,TRUE_PRIMORDIAL,MIRACLE,30,crowd,1880064000.00,7899428571.43,4.201680672
SHULKER,COMMON,RARE,0,normal,3.37895471603e-07,5.02914190292e-07,1.488372093
SHULKER,COMMON,RARE,0,boss,3.37895471603e-07,5.02914190292e-07,1.488372093
SHULKER,COMMON,RARE,0,crowd,3.04105924442e-06,4.52622771263e-06,1.488372093
SHULKER,COMMON,RARE,30,normal,4.27477061749e-07,5.02914190292e-07,1.176470588
SHULKER,COMMON,RARE,30,boss,4.27477061749e-07,5.02914190292e-07,1.176470588
SHULKER,COMMON,RARE,30,crowd,3.84729355574e-06,4.52622771263e-06,1.176470588
SHULKER,RARE,ANCIENT,0,normal,1.08126550913e-05,1.60932540894e-05,1.488372093
SHULKER,RARE,ANCIENT,0,boss,1.08126550913e-05,1.60932540894e-05,1.488372093
SHULKER,RARE,ANCIENT,0,crowd,9.73138958216e-05,0.000144839286804,1.488372093
SHULKER,RARE,ANCIENT,30,normal,1.36792659760e-05,1.60932540894e-05,1.176470588
SHULKER,RARE,ANCIENT,30,boss,1.36792659760e-05,1.60932540894e-05,1.176470588
SHULKER,RARE,ANCIENT,30,crowd,0.000123113393784,0.000144839286804,1.176470588
SHULKER,ANCIENT,RELIC,0,normal,0.000346004962921,0.000588553292411,1.700996678
SHULKER,ANCIENT,RELIC,0,boss,0.000346004962921,0.000588553292411,1.700996678
SHULKER,ANCIENT,RELIC,0,crowd,0.00311404466629,0.00529697963170,1.700996678
SHULKER,ANCIENT,RELIC,30,normal,0.000437736511230,0.000588553292411,1.344537815
SHULKER,ANCIENT,RELIC,30,boss,0.000437736511230,0.000588553292411,1.344537815
SHULKER,ANCIENT,RELIC,30,crowd,0.00393962860107,0.00529697963170,1.344537815
SHULKER,RELIC,NARRATIVE,0,normal,0.0126538957868,0.0235421316964,1.860465116
SHULKER,RELIC,NARRATIVE,0,boss,0.0126538957868,0.0235421316964,1.860465116
SHULKER,RELIC,NARRATIVE,0,crowd,0.113885062081,0.185394287109,1.627906977
SHULKER,RELIC,NARRATIVE,30,normal,0.0160086495536,0.0235421316964,1.470588235
SHULKER,RELIC,NARRATIVE,30,boss,0.0160086495536,0.0235421316964,1.470588235
SHULKER,RELIC,NARRATIVE,30,crowd,0.144077845982,0.185394287109,1.286764706
SHULKER,NARRATIVE,LEGENDARY,0,normal,0.506155831473,0.828683035714,1.637209302
SHULKER,NARRATIVE,LEGENDARY,0,boss,0.506155831473,0.828683035714,1.637209302
SHULKER,NARRATIVE,LEGENDARY,0,crowd,3.98597717285,8.73883928571,2.192395718
SHULKER,NARRATIVE,LEGENDARY,30,normal,0.640345982143,0.828683035714,1.294117647
SHULKER,NARRATIVE,LEGENDARY,30,boss,0.640345982143,0.828683035714,1.294117647
SHULKER,NARRATIVE,LEGENDARY,30,crowd,5.04272460938,8.73883928571,1.732959851
SHULKER,LEGENDARY,EPIC,0,normal,17.8166852679,31.3392857143,1.758985201
SHULKER,LEGENDARY,EPIC,0,boss,17.8166852679,31.3392857143,1.758985201
SHULKER,LEGENDARY,EPIC,0,crowd,187.885044643,405.301339286,2.157177225
SHULKER,LEGENDARY,EPIC,30,normal,22.5401785714,31.3392857143,1.390374332
SHULKER,LEGENDARY,EPIC,30,boss,22.5401785714,31.3392857143,1.390374332
SHULKER,LEGENDARY,EPIC,30,crowd,237.696428571,405.301339286,1.705121704
SHULKER,EPIC,MYTHIC,0,normal,673.794642857,1157.14285714,1.717352415
SHULKER,EPIC,MYTHIC,0,boss,673.794642857,1157.14285714,1.717352415
SHULKER,EPIC,MYTHIC,0,crowd,8713.97879464,17646.4285714,2.025071324
SHULKER,EPIC,MYTHIC,30,normal,852.428571429,1157.14285714,1.357466063
SHULKER,EPIC,MYTHIC,30,boss,852.428571429,1157.14285714,1.357466063
SHULKER,EPIC,MYTHIC,30,crowd,11024.1964286,17646.4285714,1.600699759
SHULKER,MYTHIC,PRIMORDIAL,0,normal,24878.5714286,74057.1428571,2.976744186
SHULKER,MYTHIC,PRIMORDIAL,0,boss,24878.5714286,74057.1428571,2.976744186
SHULKER,MYTHIC,PRIMORDIAL,0,crowd,379398.214286,805680.000000,2.123573516
SHULKER,MYTHIC,PRIMORDIAL,30,normal,31474.2857143,74057.1428571,2.352941176
SHULKER,MYTHIC,PRIMORDIAL,30,boss,31474.2857143,74057.1428571,2.352941176
SHULKER,MYTHIC,PRIMORDIAL,30,crowd,479982.857143,805680.000000,1.678559949
SHULKER,PRIMORDIAL,TRUE_PRIMORDIAL,0,normal,1592228.57143,7405714.28571,4.651162791
SHULKER,PRIMORDIAL,TRUE_PRIMORDIAL,0,boss,1592228.57143,7405714.28571,4.651162791
SHULKER,PRIMORDIAL,TRUE_PRIMORDIAL,0,crowd,17322120.0000,80568000.0000,4.651162791
SHULKER,PRIMORDIAL,TRUE_PRIMORDIAL,30,normal,2014354.28571,7405714.28571,3.676470588
SHULKER,PRIMORDIAL,TRUE_PRIMORDIAL,30,boss,2014354.28571,7405714.28571,3.676470588
SHULKER,PRIMORDIAL,TRUE_PRIMORDIAL,30,crowd,21914496.0000,80568000.0000,3.676470588
SHULKER,TRUE_PRIMORDIAL,MIRACLE,0,normal,159222857.143,740571428.571,4.651162791
SHULKER,TRUE_PRIMORDIAL,MIRACLE,0,boss,159222857.143,740571428.571,4.651162791
SHULKER,TRUE_PRIMORDIAL,MIRACLE,0,crowd,1732212000.00,9207771428.57,5.315614618
SHULKER,TRUE_PRIMORDIAL,MIRACLE,30,normal,201435428.571,740571428.571,3.676470588
SHULKER,TRUE_PRIMORDIAL,MIRACLE,30,boss,201435428.571,740571428.571,3.676470588
SHULKER,TRUE_PRIMORDIAL,MIRACLE,30,crowd,2191449600.00,9207771428.57,4.201680672
ALLAY,COMMON,RARE,0,normal,2.31699751956e-07,3.44855444772e-07,1.488372093
ALLAY,COMMON,RARE,0,boss,2.31699751956e-07,3.44855444772e-07,1.488372093
ALLAY,COMMON,RARE,0,crowd,3.04105924442e-06,4.52622771263e-06,1.488372093
ALLAY,COMMON,RARE,30,normal,2.93127128056e-07,3.44855444772e-07,1.176470588
ALLAY,COMMON,RARE,30,boss,2.93127128056e-07,3.44855444772e-07,1.176470588
ALLAY,COMMON,RARE,30,crowd,3.84729355574e-06,4.52622771263e-06,1.176470588
ALLAY,RARE,ANCIENT,0,normal,7.41439206260e-06,1.10353742327e-05,1.488372093
ALLAY,RARE,ANCIENT,0,boss,7.41439206260e-06,1.10353742327e-05,1.488372093
ALLAY,RARE,ANCIENT,0,crowd,9.73138958216e-05,0.000144839286804,1.488372093
ALLAY,RARE,ANCIENT,30,normal,9.38006809780e-06,1.10353742327e-05,1.176470588
ALLAY,RARE,ANCIENT,30,boss,9.38006809780e-06,1.10353742327e-05,1.176470588
ALLAY,RARE,ANCIENT,30,crowd,0.000123113393784,0.000144839286804,1.176470588
ALLAY,ANCIENT,RELIC,0,normal,0.000237260546003,0.000441414969308,1.860465116
ALLAY,ANCIENT,RELIC,0,boss,0.000237260546003,0.000441414969308,1.860465116
ALLAY,ANCIENT,RELIC,0,crowd,0.00311404466629,0.00529697963170,1.700996678
ALLAY,ANCIENT,RELIC,30,normal,0.000300162179129,0.000441414969308,1.470588235
ALLAY,ANCIENT,RELIC,30,boss,0.000300162179129,0.000441414969308,1.470588235
ALLAY,ANCIENT,RELIC,30,crowd,0.00393962860107,0.00529697963170,1.344537815
ALLAY,RELIC,NARRATIVE,0,normal,0.00949042184012,0.0160086495536,1.686821705
ALLAY,RELIC,NARRATIVE,0,boss,0.00949042184012,0.0160086495536,1.686821705
ALLAY,RELIC,NARRATIVE,0,crowd,0.113885062081,0.182569231306,1.603100775
ALLAY,RELIC,NARRATIVE,30,normal,0.0120064871652,0.0160086495536,1.333333333
ALLAY,RELIC,NARRATIVE,30,boss,0.0120064871652,0.0160086495536,1.333333333
ALLAY,RELIC,NARRATIVE,30,crowd,0.144077845982,0.182569231306,1.267156863
ALLAY,NARRATIVE,LEGENDARY,0,normal,0.344185965402,0.602678571429,1.751025992
ALLAY,NARRATIVE,LEGENDARY,0,boss,0.344185965402,0.602678571429,1.751025992
ALLAY,NARRATIVE,LEGENDARY,0,crowd,3.92523847307,8.43750000000,2.149550927
ALLAY,NARRATIVE,LEGENDARY,30,normal,0.435435267857,0.602678571429,1.384083045
ALLAY,NARRATIVE,LEGENDARY,30,boss,0.435435267857,0.602678571429,1.384083045
ALLAY,NARRATIVE,LEGENDARY,30,crowd,4.96588309152,8.43750000000,1.699093564
ALLAY,LEGENDARY,EPIC,0,normal,12.9575892857,24.1071428571,1.860465116
ALLAY,LEGENDARY,EPIC,0,boss,12.9575892857,24.1071428571,1.860465116
ALLAY,LEGENDARY,EPIC,0,crowd,181.406250000,405.000000000,2.232558140
ALLAY,LEGENDARY,EPIC,30,normal,16.3928571429,24.1071428571,1.470588235
ALLAY,LEGENDARY,EPIC,30,boss,16.3928571429,24.1071428571,1.470588235
ALLAY,LEGENDARY,EPIC,30,crowd,229.500000000,405.000000000,1.764705882
ALLAY,EPIC,MYTHIC,0,normal,518.303571429,894.857142857,1.726511628
ALLAY,EPIC,MYTHIC,0,boss,518.303571429,894.857142857,1.726511628
ALLAY,EPIC,MYTHIC,0,crowd,8707.50000000,17264.5714286,1.982724252
ALLAY,EPIC,MYTHIC,30,normal,655.714285714,894.857142857,1.364705882
ALLAY,EPIC,MYTHIC,30,boss,655.714285714,894.857142857,1.364705882
ALLAY,EPIC,MYTHIC,30,crowd,11016.0000000,17264.5714286,1.567226891
ALLAY,MYTHIC,PRIMORDIAL,0,normal,19239.4285714,39497.1428571,2.052927025
ALLAY,MYTHIC,PRIMORDIAL,0,boss,19239.4285714,39497.1428571,2.052927025
ALLAY,MYTHIC,PRIMORDIAL,0,crowd,371188.285714,829440.000000,2.234553276
ALLAY,MYTHIC,PRIMORDIAL,30,normal,24340.1142857,39497.1428571,1.622718053
ALLAY,MYTHIC,PRIMORDIAL,30,boss,24340.1142857,39497.1428571,1.622718053
ALLAY,MYTHIC,PRIMORDIAL,30,crowd,469596.342857,829440.000000,1.766282921
ALLAY,PRIMORDIAL,TRUE_PRIMORDIAL,0,normal,849188.571429,3949714.28571,4.651162791
ALLAY,PRIMORDIAL,TRUE_PRIMORDIAL,0,boss,849188.571429,3949714.28571,4.651162791
ALLAY,PRIMORDIAL,TRUE_PRIMORDIAL,0,crowd,17832960.0000,82944000.0000,4.651162791
ALLAY,PRIMORDIAL,TRUE_PRIMORDIAL,30,normal,1074322.28571,3949714.28571,3.676470588
ALLAY,PRIMORDIAL,TRUE_PRIMORDIAL,30,boss,1074322.28571,3949714.28571,3.676470588
ALLAY,PRIMORDIAL,TRUE_PRIMORDIAL,30,crowd,22560768.0000,82944000.0000,3.676470588
ALLAY,TRUE_PRIMORDIAL,MIRACLE,0,normal,84918857.1429,394971428.571,4.651162791
ALLAY,TRUE_PRIMORDIAL,MIRACLE,0,boss,84918857.1429,394971428.571,4.651162791
ALLAY,TRUE_PRIMORDIAL,MIRACLE,0,crowd,1783296000.00,9479314285.71,5.315614618
ALLAY,TRUE_PRIMORDIAL,MIRACLE,30,normal,107432228.571,394971428.571,3.676470588
ALLAY,TRUE_PRIMORDIAL,MIRACLE,30,boss,107432228.571,394971428.571,3.676470588
ALLAY,TRUE_PRIMORDIAL,MIRACLE,30,crowd,2256076800.00,9479314285.71,4.201680672
VEX,COMMON,RARE,0,normal,2.41353908288e-07,3.59224421637e-07,1.488372093
VEX,COMMON,RARE,0,boss,2.41353908288e-07,3.59224421637e-07,1.488372093
VEX,COMMON,RARE,0,crowd,3.37895471603e-06,5.02914190292e-06,1.488372093
VEX,COMMON,RARE,30,normal,3.05340758392e-07,3.59224421637e-07,1.176470588
VEX,COMMON,RARE,30,boss,3.05340758392e-07,3.59224421637e-07,1.176470588
VEX,COMMON,RARE,30,crowd,4.27477061749e-06,5.02914190292e-06,1.176470588
VEX,RARE,ANCIENT,0,normal,7.72332506520e-06,1.14951814924e-05,1.488372093
VEX,RARE,ANCIENT,0,boss,7.72332506520e-06,1.14951814924e-05,1.488372093
VEX,RARE,ANCIENT,0,crowd,0.000108126550913,0.000160932540894,1.488372093
VEX,RARE,ANCIENT,30,normal,9.77090426854e-06,1.14951814924e-05,1.176470588
VEX,RARE,ANCIENT,30,boss,9.77090426854e-06,1.14951814924e-05,1.176470588
VEX,RARE,ANCIENT,30,crowd,0.000136792659760,0.000160932540894,1.176470588
VEX,ANCIENT,RELIC,0,normal,0.000247146402087,0.000441414969308,1.786046512
VEX,ANCIENT,RELIC,0,boss,0.000247146402087,0.000441414969308,1.786046512
VEX,ANCIENT,RELIC,0,crowd,0.00346004962921,0.00588553292411,1.700996678
VEX,ANCIENT,RELIC,30,normal,0.000312668936593,0.000441414969308,1.411764706
VEX,ANCIENT,RELIC,30,boss,0.000312668936593,0.000441414969308,1.411764706
VEX,ANCIENT,RELIC,30,crowd,0.00437736511230,0.00588553292411,1.344537815
VEX,RELIC,NARRATIVE,0,normal,0.00949042184012,0.0153023856027,1.612403101
VEX,RELIC,NARRATIVE,0,boss,0.00949042184012,0.0153023856027,1.612403101
VEX,RELIC,NARRATIVE,0,crowd,0.126538957868,0.197753906250,1.562790698
VEX,RELIC,NARRATIVE,30,normal,0.0120064871652,0.0153023856027,1.274509804
VEX,RELIC,NARRATIVE,30,boss,0.0120064871652,0.0153023856027,1.274509804
VEX,RELIC,NARRATIVE,30,crowd,0.160086495536,0.197753906250,1.235294118
VEX,NARRATIVE,LEGENDARY,0,normal,0.329001290458,0.565011160714,1.717352415
VEX,NARRATIVE,LEGENDARY,0,boss,0.329001290458,0.565011160714,1.717352415
VEX,NARRATIVE,LEGENDARY,0,crowd,4.25170898438,8.78121512277,2.065337763
VEX,NARRATIVE,LEGENDARY,30,normal,0.416224888393,0.565011160714,1.357466063
VEX,NARRATIVE,LEGENDARY,30,boss,0.416224888393,0.565011160714,1.357466063
VEX,NARRATIVE,LEGENDARY,30,crowd,5.37890625000,8.78121512277,1.632528011
VEX,LEGENDARY,EPIC,0,normal,12.1477399554,22.9017857143,1.885271318
VEX,LEGENDARY,EPIC,0,boss,12.1477399554,22.9017857143,1.885271318
VEX,LEGENDARY,EPIC,0,crowd,188.796125140,405.000000000,2.145171145
VEX,LEGENDARY,EPIC,30,normal,15.3683035714,22.9017857143,1.490196078
VEX,LEGENDARY,EPIC,30,boss,15.3683035714,22.9017857143,1.490196078
VEX,LEGENDARY,EPIC,30,crowd,238.849051339,405.000000000,1.695631604
VEX,EPIC,MYTHIC,0,normal,492.388392857,887.142857143,1.801713586
VEX,EPIC,MYTHIC,0,boss,492.388392857,887.142857143,1.801713586
VEX,EPIC,MYTHIC,0,crowd,8707.50000000,17448.7500000,2.003875969
VEX,EPIC,MYTHIC,30,normal,622.928571429,887.142857143,1.424148607
VEX,EPIC,MYTHIC,30,boss,622.928571429,887.142857143,1.424148607
VEX,EPIC,MYTHIC,30,crowd,11016.0000000,17448.7500000,1.583946078
VEX,MYTHIC,PRIMORDIAL,0,normal,19073.5714286,35794.2857143,1.876643074
VEX,MYTHIC,PRIMORDIAL,0,boss,19073.5714286,35794.2857143,1.876643074
VEX,MYTHIC,PRIMORDIAL,0,crowd,375148.125000,754148.571429,2.010268801
VEX,MYTHIC,PRIMORDIAL,30,normal,24130.2857143,35794.2857143,1.483375959
VEX,MYTHIC,PRIMORDIAL,30,boss,24130.2857143,35794.2857143,1.483375959
VEX,MYTHIC,PRIMORDIAL,30,crowd,474606.000000,754148.571429,1.588999236
VEX,PRIMORDIAL,TRUE_PRIMORDIAL,0,normal,769577.142857,3579428.57143,4.651162791
VEX,PRIMORDIAL,TRUE_PRIMORDIAL,0,boss,769577.142857,3579428.57143,4.651162791
VEX,PRIMORDIAL,TRUE_PRIMORDIAL,0,crowd,16214194.2857,75414857.1429,4.651162791
VEX,PRIMORDIAL,TRUE_PRIMORDIAL,30,normal,973604.571429,3579428.57143,3.676470588
VEX,PRIMORDIAL,TRUE_PRIMORDIAL,30,boss,973604.571429,3579428.57143,3.676470588
VEX,PRIMORDIAL,TRUE_PRIMORDIAL,30,crowd,20512841.1429,75414857.1429,3.676470588
VEX,TRUE_PRIMORDIAL,MIRACLE,0,normal,76957714.2857,357942857.143,4.651162791
VEX,TRUE_PRIMORDIAL,MIRACLE,0,boss,76957714.2857,357942857.143,4.651162791
VEX,TRUE_PRIMORDIAL,MIRACLE,0,crowd,1621419428.57,8484171428.57,5.232558140
VEX,TRUE_PRIMORDIAL,MIRACLE,30,normal,97360457.1429,357942857.143,3.676470588
VEX,TRUE_PRIMORDIAL,MIRACLE,30,boss,97360457.1429,357942857.143,3.676470588
VEX,TRUE_PRIMORDIAL,MIRACLE,30,crowd,2051284114.29,8484171428.57,4.136029412
